/*
SQLyog Ultimate v9.02 
MySQL - 5.5.5-10.4.28-MariaDB : Database - tp_instrumentos
*********************************************************************
*/

/*!40101 SET NAMES utf8 */;

/*!40101 SET SQL_MODE=''*/;

/*!40014 SET @OLD_UNIQUE_CHECKS=@@UNIQUE_CHECKS, UNIQUE_CHECKS=0 */;
/*!40014 SET @OLD_FOREIGN_KEY_CHECKS=@@FOREIGN_KEY_CHECKS, FOREIGN_KEY_CHECKS=0 */;
/*!40101 SET @OLD_SQL_MODE=@@SQL_MODE, SQL_MODE='NO_AUTO_VALUE_ON_ZERO' */;
/*!40111 SET @OLD_SQL_NOTES=@@SQL_NOTES, SQL_NOTES=0 */;
CREATE DATABASE /*!32312 IF NOT EXISTS*/`tp_instrumentos` /*!40100 DEFAULT CHARACTER SET utf8 COLLATE utf8_spanish_ci */;

USE `tp_instrumentos`;

/*Table structure for table `categoria_instrumento` */

DROP TABLE IF EXISTS `categoria_instrumento`;

CREATE TABLE `categoria_instrumento` (
  `id` bigint(20) NOT NULL AUTO_INCREMENT,
  `denominacion` varchar(255) DEFAULT NULL,
  PRIMARY KEY (`id`)
) ENGINE=InnoDB AUTO_INCREMENT=6 DEFAULT CHARSET=utf8 COLLATE=utf8_spanish_ci;

/*Data for the table `categoria_instrumento` */

insert  into `categoria_instrumento`(`id`,`denominacion`) values (1,'Cuerda'),(2,'Viento'),(3,'Percusión'),(4,'Teclado'),(5,'Electrónico');

/*Table structure for table `instrumento` */

DROP TABLE IF EXISTS `instrumento`;

CREATE TABLE `instrumento` (
  `id` bigint(20) NOT NULL AUTO_INCREMENT,
  `cantidad_vendida` int(11) NOT NULL,
  `costo_envio` varchar(255) DEFAULT NULL,
  `descripcion` varchar(1000) DEFAULT NULL,
  `instrumento` varchar(255) DEFAULT NULL,
  `marca` varchar(255) DEFAULT NULL,
  `modelo` varchar(255) DEFAULT NULL,
  `precio` double NOT NULL,
  `id_categoria` bigint(20) DEFAULT NULL,
  `imagen` longblob DEFAULT NULL,
  `imagen_path` varchar(255) DEFAULT NULL,
  PRIMARY KEY (`id`),
  KEY `FKs3pkkr627t3dhooq3gn6ynyp7` (`id_categoria`),
  CONSTRAINT `FKs3pkkr627t3dhooq3gn6ynyp7` FOREIGN KEY (`id_categoria`) REFERENCES `categoria_instrumento` (`id`)
) ENGINE=InnoDB AUTO_INCREMENT=16 DEFAULT CHARSET=utf8 COLLATE=utf8_spanish_ci;

/*Data for the table `instrumento` */

insert  into `instrumento`(`id`,`cantidad_vendida`,`costo_envio`,`descripcion`,`instrumento`,`marca`,`modelo`,`precio`,`id_categoria`,`imagen`,`imagen_path`) values (1,28,'G','Estas viendo una excelente mandolina de la marca Stagg, con un sonido muy dulce, tapa aros y fondo de tilo, y diapasón de palisandro. Es un instrumento acústico (no se enchufa) de cuerdas dobles (4 pares) con la caja ovalada y cóncava, y el mástil corto. Su utilización abarca variados ámbitos, desde rock, folk, country y ensambles experimentales.','Mandolina Instrumento Musical Stagg Sunburst','Stagg','M20',2450,1,'\0JFIF\0\0\0\0\0\0\0C\0	\n\n			\n\n		\r\r\n\0C	\0\0\0\"\0\0\0\0\0\0\0\0\0\0\0\0	\n\0\0\0\0}\0!1AQa\"q2#BR$3br	\n\Z%&\'()*456789:CDEFGHIJSTUVWXYZcdefghijstuvwxyz\0\0\0\0\0\0\0\0	\n\0\0\0w\0!1AQaq\"2B	#3Rbr\n$4%\Z&\'()*56789:CDEFGHIJSTUVWXYZcdefghijstuvwxyz\0\0\0?\0S\'3k,jiz&Q./dVa0Fch #K__\n-4DVVvɊ#8!\0}Nhb\'~*?j]6]d\ZoAFd!~er?#r~;xno.V2D!ȤaQ{\Z\0	Y0/x\0O\'حg,NPAywTR@U$\0(VE)?M0:ZÚ\0Z(\n(ڦIj։#FU3#\'jj:F2G:\nhu,P0;f\"?@pTsyo/xWڟ#pxTO7Y9+\ZaۻyIRWsˍŌUup\n~~O~*E?-5oz|c7I8n$1!\n~>?qu[_h4ּw{9$V#Mdr02Ib[!uvfI~Y^Fo\r.NɡC+8=V`|9\0gyv|:uO:\ZeOg,E%xPL#,ghi<?c)e%kx^i`hnP2ɾPX)T98/c?_V}t]%jd\"{v2C cF2=jO~\0#?>xNTD>σ{ex-B9Ya+)߷G4}G&>)4#	$gX8+)y\nӾx?W4i\Z.F\"H7OpKcncl+\0~?exFFu>*tۡq-h؍Seę;m!=⇉U#7?K4q^XYA4Y嵃Qh$G\0?\'+~ӚOT m<hv.iqۍ9^e|:jZS-[ML/t#}FQ0iA`&O>\0K \ndgёw\0Xן̟CZ.\\iz$V?hf͸m!	;T1]\0~~4_wZŶ{]CN+d@VFh/T3UF\0?&x;_|{;rͣO\"^ıM;C0\0y\'U\0W_^)Oml,oQ80ªN\0l|e\03K|Y\'4m~I/$8Wu, @5 N`O|3n̷Tᷖd$lA..\';·\ZAZŻY)ۈ]eX\0eoٿG+W\Z(-u?x?HHPϱ&U~O?c-a+T<isD BmFF`ҟsG/ſþ*4`\Z7ppvLpndq߁\0<y#\Z?_I2FR%\ZDP2Wrx;DO?Fa>\"xv\0k;F~7y56^#ےш=B(<Y-6>t7|Y?cOS5=iV$*l̓4`	dl}\0uidwqq=mEZYݤ 8MFY6ekfyW8C;A\0ci66PoP0+ı9ӵ/kV[4[MTV# c@Kmv|qst/_zuǌ&]W	Go29	k#*~·т۟eMWGѼ5oiKAuiyc|0|wVX?ޣ_\0>?/,memyk	82{CF\"d l.m\Zi;gl-s\ZGíkĆ6&ݕL|\'PRWC߃+ǆ4x\0zF-[U6\\;c(;sSc\0-Z#9C%IVdFIc\rH!k߃_|G|wS/WRf\"ռ։5q%epWos|qx~iLX,]4Xl0\"/nݼm8*_khv]VVv$	j;*=^O<?wf{T|6V(5;Mh$MS؅ay\0׳\rg5\Z-Щ;@<I 8c_tP/$/~?K7e{5	u-Zn\0l{п~/~%6e#/\rgs#6K|žc(s=vo-\"]FMVBtpA.ǐgu#&LO?o>1:ַ\Z֘j	e}#h0]pNSu߭P_b(\';5VzeZFo\"u}HU:g[>:Ilu+HԒM2H	J/4[_5|BZ{(</oi ՞/6680w!\r#\0\0-|^g{߅%mKpi:3\\:Ʒ2%?4nUGP\0{_~Γ\"&_/줷#ZxmJ 9D)8v>[׿\0\0h/\Z[M^78YU-$aE\nɹrvj\0.xOQxz톛Eoy\'\r(3q\n27Pa\0~Ϳ|!RӴ\0Wmvq^)|Y!R@J@pzW[8=^>~0$\Zφ[eǔ\0f\n\nXӿ?\04?wƿWZ]Kowm\0ePx%\ZX[#\n~Q\0ږu[%緞PI1nJ˸+,XI\0kطP|k(K⿈(%_o[k<<f8\0F@/mo	+rm\0cnc`n<I0\ngߐG_.xR\02?h\'@tڜ[!kilIybXe#}2e/D6äۘ,sq]3fIS-#䁎HPF2ʌ\\,w8o۸kxd[\"9eK\ZDdsD~c8xKͿ TZi&x#aF|faas}?xv{[\'ܗR`XȠ8e}(ٿd_4ڮ|cUK\\y26kV=b-ʟ|{D͕߂_.ͪ3f;k\'rV&*Ɇ\n[?g\\~%XZf֜niH$1>i㚳w>&i/TGew=F.#̈\\(F\0WP\0`\08cm*yEUQ@Q@Q@d3;:tw>g5	PG# F9j(;\0JWS/TSAstV!JNnrZ\0|AKK|^t*\rlF\"e[_P~0L41Y丸`\\9̓@\0\0\0\0\0\0,2\'SO#,?Z<Ok-*]֮;D.Un	_Dg:_#Fl4b2x\0*1説ǀk]s⟉nP/Z;=/K\"AbFGdw9@^%!N]t_>:\\x6y=h`$s\0Y!DJΫn#ܘ7xMAs*2hvR} =l!c59<DVǭNptIG\0?jG6ۦdPя­{ AY\\K[QTHQE\0QE\0QE\0QE\0QHH1 AP$H#\0dYpjݻW^\0x2[\\!4+Sԥv؉|7fmkPK{;XY$sDQ|/F|47=@VO+19El+3:L>0O!}mlgwhˣ\0#<:S</>_\0tm\"{S\Zy\"5{Gὒt߲}G㷋D$6֋oozʹ(v03AoVvpGh#E\np\0\0°~@m=?1G{̞C!\0\'s\0iSku~`+S(\0(\0(\0)H)y(C{y&W<Qk> Eǀ|3#t=5wurU¢˻TOA@%}]kdo^/~|,[ω_|=xC$K^SLş2O\0cQxSÛIAK\\C*_\'joz_Iyssni.c/#=Gqb3>\ZJe{/~cR=ջz%އ?\0߲H<EOHmt}\Z_ּĿY/[HS\0M;KC>w?xZX_Z@ghTmBC/\\~:`	^sjˋmEJm}O/7V)^w[Y?_Ke=|#?9o7]Em|)m\r[\0|XKm+5dm`6p\01FcUL_cE~$iBM?BEL\nYČ	\0td(ut7pG5GrDAEpyRƚy9b2CI۪~~E/\Z\ZeΥu;ɫ}#/pHYBnA|O\0\r!$}mfkhuGi3skd}%9mBMBς.Q` `M.晼ۏ?\ro\03@>a#(?3ncƽ,-&97~gaEWyQ@Q@Q@5QKQiՕܘ82~zt-W~,tMK˻(2NI=\0H\0@ϋyq|TJz5\0aTOpgu䜝)K{w˿?f_]ͩe41`|o\051\'KɃbeA,@8?{Ex.\Z.EQe]NYb1多]uoetO^K.]^E%*}3<5().- \\:Ef%\0Ф_\0\r}px\"O	K\r{\r?WlV|5}?ῇ,CKqgI;v?!Q}jޑOߣz\'m;.sMV \0ZױsDv\\d=2}j.t:¾eS\'$V޵Z<FFpbr Q]XY$VN9~2_#N-trE\Z8.?on}<3X	)9O?]f^qoc\nOix5g#n2fr\\\0FWs`_~3TWLE|k	Qe9Vۻv\0z\'<gWG&y[D3e]xڨ\0|mx\0$K+\\9a/CITI\'$\'01վ-!\0?gԣZ;.@5{c*ܗMK[۹\\,(ǒŤ,IGJޟ)	D+eC@5KVdވuQL(\0(\0(\0+\Zy?*(53$!#|k<eg76W\ZX1?y6L\Zz_@?[j\Z4BxGс_:W[`;JEJ&62\'s;&R\nOt_3Ř嘜\'{$+oe(<$mV=z\nk?<WMbs\n9\009W?GႥw]#S5 wV\0N@rA\0}Q]֑|U N\nX׵Ub3qrO̹$s99;&O\'Fo}oZi\Z)lnfE$.|`q,~26+z-k׺>yn/\'✞^#/ç⿴Sx\r*[m & ;6͑)`^p75?5_Xj\'?cq*A<GkTJsyAݺpN?KqT}%(.׭x,G:^ҋ_e-Z4/S+&3A^ksm>sxj7xs^:M*o3oq\"*M:JۣPf)$ʛ\0-#OM\'IҢYR;uW.By\'I׻{k(faEPEPEPY:<iw<+Zꮥ?ڿڟ~6դtgtta}9O\Zo^/X!YHr+)}u\05ǌ̚IgcIxȼ\\~qZ&kz46v= B\'\08r3Y\Z]&xtӖ5g~ѦKVDy3i9¶+H<+pXRq&+[n,%<y@|F&5EL84eYf*K`gj\0kLyTJ\\0p#1e4?K⛪gQĬm@à`5jV3_~5j6I޼އݪ⎯r,ZIkR}8ἱ˒z0I\'\0ךN,vn5YWkOm\0e3\09k^5?Yyca;RA tu>Ǟ(}jLhvwrl<a~{[qqc;^kuoWzF.\\Rj[fM\\SxB2fڿy|\0g/ɪK64Gʘ\0Vfe0=+#y;)QE\0QE\0QE\0QE\0V[ȶ[_߅>;Ե;L<%s}t2xt_->y~VJ,2d%U)$nԌA8\'R;37	.\Zۿ\"484}@lyǅ|};-;K&j5<\0eύz\Zim<3oGkv4H)*𮭀\0Wů#\rY\rX%̣OHLyYqt,frMQU(<[+\'\\r8[k&\0\0}6?dozͳ\'%z/Ï$o*Ӵ_X̷\ZHحo@Jq^=>\Z	]kOO\0j<VƯpFELCcw~:?z\0h}-].9$22]ݡ\"<76_K~M\0_Mş%O&ªҏ⵷\'щw߯0}\ZH-l£Y-Q[EPEPEPEP','data:image/jpeg;base64'),(2,10,'150','1 Pandereta - 32 sonajas metálicas. Más de 8 años vendiendo con 100 % de calificaciones POSITIVAS y clientes satisfechos !!','Pandereta Pandero Instrumento Musical','DyM ventas','32 sonajas',325,3,'\0JFIF\0\0\0\0\0\0\0C\0	\n\n			\n\n		\r\r\n\0C	\0\0\0\"\0\0\0\0\0\0\0\0\0\0\0\0	\n\0\0\0\0}\0!1AQa\"q2#BR$3br	\n\Z%&\'()*456789:CDEFGHIJSTUVWXYZcdefghijstuvwxyz\0\0\0\0\0\0\0\0	\n\0\0\0w\0!1AQaq\"2B	#3Rbr\n$4%\Z&\'()*56789:CDEFGHIJSTUVWXYZcdefghijstuvwxyz\0\0\0?\0S(\0(\0|/;oz^lxj!\0H@e7v\'%vkQ^Y?O{QD_wy\\Ax/P\"-Ͷ[yPƫp;(?ݮWRQ\\[顏iki\'m{[O*GjYU$z^~=Siq}r=al\0>3^?F\ZaUWn78$<Iys% 	ct/sO^-;4J{	C_E\0*u[Pl	$d~U~*|<`ڗ|[1 UOq3LpW\Zwse15|5|;u;[Mf#	b9Xq mny%J{.f\'j2e/EMoOsnK\Zl]\rh!;g],74nO j\'ddZg# %Ɵ+Pdzv]_.WV]=>*&\nh,	{Q@Q@Q@#2%K_6~]n]3F\'dp;t2W4%9X(ʴ__3?k(j>\\C[޿8\"lepf>.uxS5Yd[\'HruN)&Z<Ok\ZZĶa$8U9\'\0bxK	ZmώC,a-ݞ-2و#Hi@\'?633~03W-<.VHha*?t^I~m<A\'&N\'dKcieLs1\0\0ko+\0-Rכ6&%;-#xd*{?ǯ{g-wKb2HoWI,pIPH0vj\Z|NX^6x*ȥQ3A?.<?fT+Fu=mg}F3EZ}G?6k8;mض]7m.QHb\072_@߳\'½;Ŀ40մ=q!TԴh$sG9&\r\Za*2m\0/=xLf-!PZ$~m9<7\n^3hPx.z[˫xRW	<}*\"8E]\0_1UV+\0إFhs]CK\rc/c-$ ,$EVL|M]\'<p\ZRp۪o >o \Z!,R~ g\'Ż>\'׾|^	tZX..`#ݜ4V+\"d3<Zd)7~&IguiK{ϳ*}-m	*r\'A\'rK\ry|Gj?u^[Mv9)\n2T0NX\0d!\0	<WAkO6O\Z]\0kmVƑHA%\'u\0|A;YXx)tDTb1iq><oB=8Q,Z<ϲOnxؔ%9mnG%Nsi2d7q)`޻튜\'îkoW)\ZwX\0@S;t	\"$H|E싮\"k=f67HM BIO du~w-w07)A\\V _Ag^!l*IOKt4pbupw~x?,|YMVCLb<G;:AA~1Zo_A<K8a-ߗ[]&Oʳƒ\"ۍ?_Sm3bEM֏Z(s(k\"^;m?Oqsq H^$\0I\0ri.MF*퉴|ag>^`ڬ&k6#sm0FC1\\77M\'ZYx\0\ZK,-:ݜڐgw?ࢺ.}zoxn;v*+Trc*p1󆮟\Z>$X}{t&p֊؆g`0W9clpKS$GէF唗?-:Z6s3LW8a)$ӺZhY|;~$xwYtGw.5R1S\0\r%$C$\r`y?u/Ŗ.ҥH+,o\rCq2!%$B@\'?Zl5FMTs$ʒf<\nBn\'{?~&G3\"AۙAɹz1T^7FזIF6}	xw>𿊴\r66KFV*A\Zz6=Li\'-#>l26|ۚPwgſ?Zwk]gQ	%Ѵcc<w30(J+q0xR$(\"\"(UU\0\0:\0;Sۓx_\'%x#\r^]V0:z`-q!n \'\'b\'*rOQBm;~qx{|HφeK6c!?ƿ.>Ua3_O~Ο^FĞ5e}AюHH;CrE{9OIl!i?OAeo\0kؗxe򋒌VXo0d}v%	x4m5ƩLuq%#|&Gm-2ed>WvL#_~FO89檎\"j-\ZRjI#z\0?ZD]Z[gzIguoJ%z;k֖n-]/w~5o6qU㗏5ߎ:\"XҸ*9QI\0rU\'j~%xnH85\n0U\\]3_F/50o\rRp洗:VޝqUyیdմvFh(-u\0궚zeլH\\pÎ y_.-JL>*?oKT۟^¾hgh\\rHG}2/G9,k|1_l1+EC2B0[kYk+\\NX|:W\ZhRrIi~Tujwo-,=?ᧄ[\0FhۼHjIL#L\\7(`na7>#|cIWVWмU3_Z_}M0Ee3e\0-ԟW}-öVqǩj6ky2)b޻F\0y-G͙Ig4LaHePͅ,Tg|c\"URTO<]W.,h5VY`<T`]F\nFG9?d:~4/D]a;y1WtI+d̋MkW>i~x$ڴ%\0yl\rzep7sTQE!Q@Q@Q@+Ca՛-ݬR;Nv?pp$=z>\n|q>ᙧe{]E3EwpKv%K.`]Up:W!YC@&|e\rvZnG]M:wf\0FI8U`$ͺí\'IEZ4xW[$3=10ثAz6\'v^GއL$\\AʣK.|2W\Z^7կ?KUVU䃌INK	$kqUFZWOGA*~О)ecc]:#\\2XP1\"(>t\\rU1kuo{mݬȲG$l]He# +ľAGY_OkD9hbM7}3M7r]/n`A%ӎض5|g߿,\0~zY>QZT\',f_<Y[}Uo--p<煄g_\ZECN[n\0Uyu@mI>pΤ.{cK]״uLo7.\"*[w<|_?>W?ǭ\ngk<#,J8,91GlBeINvoդ_4kTSŵt~|Oڞ?/	@zɽXFG,^ӵwd%]ɌuyA ~c;V	(?5( KMyZ\\[<\n*$V# w@\0|-)mt}MԤm{c a+9BkR*(SVh(*pwL\Z)ȒƲ2B)\n(\n(\n(\n(\n(@k<[[>כZ{f#\0]eu,8\"Y-\" s/dψeYo2NL@le%nnkПW>xyUm->X\'g&mgfև\0\"xkK5\0ZB&q1T\nNU̪89W	ǥ\0.1l(-?P\0o5Dt_5}R;KX#79I3W짧_?|=]SFn?Om$/\rY,\\<ꌒUvFRVVJVo>w%RS_7cYfnt&.qb=n~b~x3`\ZE;$W#F˄\\6UB\0Mgk0i!];aI\rΗ}Q^m\'<1h\'Gǽy|3XL-lÚpj0+uVӘֆOYzt_6zO\0\0wP.[JU\Z;XLml]YibBUXW~\"\0gZk<iCWd	$lkf>toJNѮu;;1[??2x\'\"\nA5챧!/<}~_xTFJOdKu Qw3U41]luybq朷o=JTJ\n5ds3[D&NN\05\n(\n(\n(\n(\n(>n}&[cqܒήXe[$yRc\0o:VhZ]1QXlF\02H`\0fOIh,|%\nS2EleTfűw+C|os|^GOkĚc*4-ŵ13{\"ؤHGM.hꕵF*ps?c\0ѼW-{a{-Nưq2P\0B89\"b|![&vi_W߈Z73S<;LԛI\\$D\"GiUY3TP@߱\0<c@\ZÇt$5ś9<h\'ov=+xٮqkMKitekTAi꿳gmmiOb2ɷ_?7wMwWtĚ\\JW Ka~>Լ;~InuMJpA@?~E<DO[)Ke2HU\"8.r|q=_e;V\\4(\n][_R}{5bhg$Y,7eԖ?uw*Ӽa\0\'^jYlqqEqs!\\8-䐻yFN4hIC ؟㉼\rBnm쭭iL)o17nFHRPӮeh\\:H28 EGDQE\0QE\0QE\0QE\0R1	=k/߶	d?Ë]\"H.[dk+Im@(@YR%vWX~\r]SYo},6QXf10]0\0w\0+έ]O\rCmm4G&l3ʸEbml_$)AiC[)(<?ᘵ6qI}^\"|\\atȯ\Zk\ZFnM\'y\r瓓sxfB7j> dH$n@B.*԰~~?	/Wþ	VT5C\n}f/\">Lw޿F)GBOrV쏟㜡SZOE\Zqo\0Ot7~`?\"吜P\rHA#;׎\'\r.YT{SӪI_gsH/.U%M{S{םT澙WaB[u٦TmMR$\'$)R6dK+\03?;\'muJu]J̚z8s#̹OʦNrvFAi<M$zn\"7L!tQz*8hUW8T[|[קEsȜ1|No;+m}o7MZXDf+ʆ0ɃYFs}C8Z<7u]D\0cjҕl0Зf9˼M#L-~ts+yF~{5K#\r~!₟wϩk[ZYeT.8qROk\0_uyu;:(QE\0QE\0QE|v+g\'ӹG/29##־\'<)=uZl~#GnpVl.RI76:6Gؿׄ<A㿀~9f5Kt!@Ns$\n	\0d5]j(N?\ZZIkqۭɊKDI|԰A=ZWv箖E%tz?×Z߇!ZݭO/o/&I\nJO3x|ws_Vn%X(T;[̜dca\n\0r:q_\r[uh<Go1./P\r.2`6}|-wNxKųg\\ki;AUvk]\"	ԕE{s{oyxڳ΢kgb[e>MN5z<^0+$[_@@\0tiz%%ZxJ~ΟQEyIKVѴnV4}Fx*}AO6	heh/ ePLe\\|jdHa_Oj>,x&g?\">;%ʮK۝yJ9,1|1K,>%bg[WfT*j=g\0Ըw\'H<WE~#^oB5;q-4^=;Վ++w7Uƺ|흟z9N<p`Gw(opGDԼ9a&Տr>`=^O>ob08E\0^	};x6Ğ\"Ӵv\\kH7>0υ|-}m\\дWQ*2_wB=1ԐIſ3~7|xO|KA}\nt1i\"2c<~9E ׏j}(\'hR\'aw+:~)\0~_-ZDx@h%ԣd=8\0ۓrVO_HOL0\0ƿuqxXnbf[kc<))NyRo?o]jkVrLԦY?HQS c|PgWvω>y4	nA8A8-2H8>֢H[i zRڂgw\'fɦE4Oh^$mzskyo xC+;L4]hLtm^[1I|뵶kğxCIC5My<ֳ/\nr#N[ƕr÷7)G\ZnlPA,I\n͐9\n\0!Q=OJ/|S~cfXZs-\0	9VvZ\03M-ǟƚ[tx->a^WPq_\'>)~$|D[WR\0Wn,qFrM{>Q_^>rbpr߳|Eg)\\h{2]-ɑ2\n>s޿tt1YmP\Zit`c,z~\0\0;\n7	8]>=xg\"\rʥ[ːb[?wr@(PUi0y?|rMUo7Ahc\n(\nB3KE\0|yG:ST-N/C=\"}$cR.>Ry+{_Ki|?OnZHc_8JժZ-e̮ף8gQoxR@5K	7v7[:20;[__3CjY<\0|[~uH>+|6|A$(#x6]B\'LHNsW\Z^dҵ0nG*2!8kcorUneHQFfZi>I\'\"ϣZVo\"xa~\0\Z V04$NځnT4+?ZX\0)ⷍ<~ϏR\0X>\'A(X񵤅 U?E}:XZBefƊ\0\0OOzgesj)t\rq;\0I#~ʿK]3PEnuu\n@>nGeĶVozkZWck\0\0	x׭ue@fk2.%p\Ze9LAK_E>%]aZmf߫8#w\"HBGjQ@P\0\n(?','data:image/jpeg;base64'),(3,3,'250','Triangulo Musical de 24 Centímetros De Acero. ENVIOS POR CORREO O ENCOMIENDA: Se le deberán adicionar $40 en concepto de Despacho y el Costo del envío se abonará al recibir el producto en Terminal, Sucursal OCA o Domicilio','Triangulo Musical 24 Cm Percusion','LBP','24',260,3,'\0JFIF\0\0\0\0\0\0\0C\0	\n\n			\n\n		\r\r\n\0C	\0\0\0\"\0\0\0\0\0\0\0\0\0\0\0\0	\n\0\0\0\0}\0!1AQa\"q2#BR$3br	\n\Z%&\'()*456789:CDEFGHIJSTUVWXYZcdefghijstuvwxyz\0\0\0\0\0\0\0\0	\n\0\0\0w\0!1AQaq\"2B	#3Rbr\n$4%\Z&\'()*56789:CDEFGHIJSTUVWXYZcdefghijstuvwxyz\0\0\0?\0S(\0(\0(\0(\0(\0(\0(\0(\0(\0(\0(\0(\0(\04qJgO1	VvWbB6ykJtWdL}	\'ux5r+k\Z`㶟{CŖYͣž	xnȡE/\0?^b錮yn,	\rAqjEE^.TRKX\ZRdzE\0QE\0QE\0QE\0QE\0QECss\r/<\Z\rp\0\'(xxS@alGbvq=yW]|BT:&rnAD	ĳFv3GOg%T%#8eOJ?a76#|N=6z:ޝaO3Rv3Cwe?lHHbRDH`>xFc\'\Zewqw	_\"윤DQcDA\Z\n\0¼í3zןhdq A<GUF:1)Tv{/.xљ}y7F0k~xUMi,\ns\'nI\\i9\0o\0}ocyW+2VR Vap?\'y]jW	nġ#݃,졊(Fr@=q<<qtdPC)m}A6ZYOʊIH Au_;뗞;ă;̠(*oU59GZs#-QR0(\0(\0(׋_l3ɣ}@ϓnI,zOuS\"jc\0ϯ?~gտo5kӠj/دliT85_{#9ˢ8-I%;8yImtORz\0i>\0𵏆x%\\n#־d>xIwڑjtfES$\\澾+⬬-50\0GqNg̟>\ZͤN|]ګIh^hTxtRA@~ZGA6!?~>Náڽ{:Yٲx\0E9V+}zVS;+T.L!NO*svne&ӹ (a=wKxvUDB́íu\"Z4Ngޢt`sׅ\ry;cGms.$0A\'Sz	A.w_\Z(W	o	|N\0Xe e`<XOYk+A_\rDE9⦮[QL(\')N;	~Q\"\0~i&sZqI	s?j_Znr+iM%}S_?\r5\0ZZ+}}#)sH=sO㗊wzɽ\Z]s*jԝ&@q덍_\0K\0l0/*SEiR]{z&g閺Ub8-\"X@\0t*W1QE\0d`׎?hA3n.U2mC7LycnКOs/oh?ڽ|g0nq}4),n }7ur\0.Y{ȫ@ВHퟳi|GI-fcb#4kzSJ2n,r3^L8]HWH-%q\0Y9FT\0m+܁mṂK{HR25$.djWv?[Pӕ2dU 1\'`yk#5񟍴K?X9.͔ɨ+\06;!ls\0@Azz_]wZiG4W1,9h$̘4İ(cW2z\0	j\0,/%=:y\'T(DڀKxZ^|qi\r<\'qOFf߲N:\\{/	/m#	G>ӣM/GEm۬le̥(M{5z\\ooWv0mߛq\'<rzrs_qD\n\0J\r|7ӾN𽝺+(mݛ(0(\0(ORo8d\\DYXz1u-9m\0$JK{\r-7$Smތ#5?O)Ic8	%Z	q\0,n#3\nތ==s\'|aJY YUٛD>4~[;{\'mYf<ȤTY+mucߐ.dyƿ0BXH7-\0&hmꇇSw5څ2K[ų#=.7fh%Cq;ߴ[~+gkq=SBB\"\0DYC5< ))jT#ur_\r<oa떬+T>2؂;W[\\YٖV~\ZeέLZI#)9_<u񶙯x/\0_j_d։.a1Uwc5T9Y</4	j75ĨӬ䘤L|XzXV\ru\0.on--3ޘ$Tv\0L+Z\0htx<  ihy9308xKKO9ۤPYP2GSUZ\"-7\0NQY\ZQ@Q@Q@Rմ}bO21Wh\03,կq}${{\"zJHą*B_Oo	}H5(]B\Z90xa9|o{;PKh\'>t,0qFU=xdB}ʰ$fNEA:%<iN;?)۪0k4}\\\0)aD`Y\nA \'5tFU@NE sV9ȟ+ᠾm}y^g%شՙ,n	^$ʅD1,R}ĒFA{ה|bІjz	Enm5Ucld}M/Lh:W~x[<mx/,d9FAEtNqv6,|Ai=OŗY!?glǅPOH͟֍౨JαuɣߨKeNX[A\'dIsN>ɢG޷7mUBYaG#+Am|#ߎ-+.\"e?ZF+8\0\0).>c\'yԱ-BZ.`̿2r:b:}鶊XH\0V{tڗ#hܾAEZ)2($\\[p>#\\QMH7.+|qx/Ŧկ2I\n ϖn\ZTSԫE{^EdD6rB\00Uҩ/!I\\>-Ux&XNX\rt3[̛~VuRqW1_2V\rhWMn`Gq\0z`c~٬k\n>檫	Y&\\Үt\rlPE|{㷄h}#Im)>Nu9Uu`۹ \0Q=䵅J<[XٺylG\"dwV\nCaR5Zj)VJ}͸mc\'5Ysmm<)$R\r2~ _s6ln$m?JTqӡws!K񿏶⧇̿f?xр8K]eGR;^mC/C\r\r8m`	Bkmd:{xI<\Zlؖ*<w Gf[ɩ\0ek?D]z|Lg\'\'.?5^q&7ԤcDw;#~\Zs\0q3Хu۟Y\r|O0Y	A\'czp]?.~H8<q2l\'~}t,\0l?0iևh?Ak\0ixS<Mq#	\0|\0\0ש\rFK?Ëѳ$>GEbkߵÝ.q??&~̓?~\0k>z_&N|\\j47l\06ҫ3vMOofhr⯄pFAi&\\vó~v\0\Zq\0ҍx;W(\0 Fu?fSo\n,`O t:hִau{[M^i/ Y%T7nko&BYzN?U	3\0	<rNqCEZ}ϼkI.%ʹ1ʇ |w?\0XxF}A\Z]r\ZQ@Q@Q@Q@Q@Q@Q@Q@Q@Q@Q@','data:image/jpeg;base64'),(4,2,'G','BARCHIME CORTINA MUSICAL DE 25 BARRAS LATIN CUSTOM. Emitimos factura A y B','Bar Chimes Lp Cortina Musical 72 Barras','FM','LATIN',2250,3,'\0JFIF\0\0\0\0\0\0\0C\0	\n\n			\n\n		\r\r\n\0C	\0\0\0\"\0\0\0\0\0\0\0\0\0\0\0\0	\n\0\0\0\0}\0!1AQa\"q2#BR$3br	\n\Z%&\'()*456789:CDEFGHIJSTUVWXYZcdefghijstuvwxyz\0\0\0\0\0\0\0\0	\n\0\0\0w\0!1AQaq\"2B	#3Rbr\n$4%\Z&\'()*56789:CDEFGHIJSTUVWXYZcdefghijstuvwxyz\0\0\0?\0S(\0(\0(\0(\0(\0(\0(\0(\0(\0(\0(\0(\0(\0(\0(\0(\0(\0(\0(\0(\0(\0(\0(\0(\0(\0(\0(\0(\0(\0(\0(\0LZ\0Z*xcIdrOyh0#eIGٯZV!\\s*\'R6:5*\0-+z1sXK.;1nF\0vT߃Wx\0\n5öSC?Yd6ouh,V8Ugμ$W,,%=/\0*rP4d}_swieOyu,URkhZIu~Y#ߵi϶3_?<}~,5ԵbH$Q.N#$p@㟼ܒ[b)~43p#qN]|}{z~1E>&Ե[O9b\r\Z/ :;!\"h$^+cQopUF+]$Dx\"WW~[^^j$/:23R2yik4\r>xC$p+I\rm3۞0e浦+6̺\\+jN:}VuIF=v?QB\0IEj	5=Tۋ\"\0$G+yDo,>\\;CSn3p+oi+|\"YIT7ʹ=B}@m\n`L!p\0W*`jʅT>aJ,8l7?gutoσ/a\\d_p3xjt>+)no{xGE~G\\Z:!¸Q!>`Un`aus**>Kp_\0#uZ~/?PuNjn0P~T4J:/\0\0qo#Wwe%WQ--ߧ{W禗$jMio]Qkz/\0ƂEo;ImKDST n\\81ɨYzGt˃l$S/?CgۄkÍOom&l^\ZTD)\\}U_\0ß1t},\\$ƻ#-1c&8p9?Y%|U|;.ꭥ[\\rrYc\rc?CPҬEp[pp	2:\Z@jw?kլt!Ҡ0|89䟥~@ܾ1/|\'E6X$Dʬqxm\0apm)-a%fxY\\HluJ9˖[O#\Z:j}9Y\0y:%Y[-4\"˞FNӞ^2YtQu}>ჴw[[!Uip\r}~5ؑ䁢~WrHh]aK[\\mOwVpq\'a(NI%px磓_MO.!<ӷ妨>fY)\0=v	P{2H	S>f+>lt~%%mF͂b\'ʮqںτAtծIY\\B_w%9IAeT[kR7d6~_bCrçw\\?ZYդDЯAq<Bj`>Ӿaݚç¨!By,Aq[ˏvH.f<GI\0dmF=kԣyUx_Xooѿg/zĲ4s42taTuFi\0=	uWiR!>6UI-ߔ8a`\Z/u5DV٘wch1īF*O~2?KM\"l,2urZ9r2KG \0<5x0N_ꏋtW⶯M>8&.݌{0L\Z?\rGj\0lM\0m5\n7ιÓ}Gh\rNƶβ%cL\\6W8;=ynuݦ{HuaD9`-?˟dq\'ֺMJ-2W娣wſ=W6wQ!5Sq;S<co9TwK|$D!C#2l,1\'b=cӟឣx[;r!T{2Ls\"⧀f7lͷwdc O=j(YKrTګjXuX??[^\Z<}k)\"g;	q\\i\0-=GLi\\ZEfI(ۓ\n@U\\O\0ឯV0/(E`o_ E|с![F\\K\nMfYKM3? wҬ-&[*\n]qBh7c?1*OJڴ/\0\n%wv-b@CI\r*yZ笌	8u?\Z}6ݭ~%ҏɿo)V𭵼VbEA%Wq\\\'5cbHw\r،@__O:˃w\Z6>N.mØm00,}ִ\r	y-\"4kVFn	;YQi|_rH#\nۆU	??w:dK4^.[yacqU_:9%ҴKDgP4ȏ?ҵtkh)-cclʳG?lPIX<%\0֮Df(<]7oƜuɚ/֤\0Ȑ\09o\'O\0r\05ZC<IrOƮ^\'n<Ǡ)s\'@֫e]\\>Eo(5i|Q7dxAOk+?STV	 02߁Өڮ|C}Nkz\Z|}:;\0{?ľ_y:E%܂xY@a+}q&5ikI/b|_dH!`܏oҴxx-xe89Rx\0SYPzI=?ҷÛ3H,O|K(\0\Z;s\0D?\0:7V~*Pbm&??p,3z|^C崟-/:xx?M`>?Va1|ApGs6q?Zm!Y3[/ȁ9c3۽t7MwX䝼 r\\ޫ\0]آi;\'\0\0^e0.?Qύ:K]4\0ZY᧒?{$b^z֍fs\0~%?CWM\0]N\0gQ]W-_Cף\'&N>-u4W;)5u`Z;aFxc|	%\0UGqsw(^FOhURO{	-aIaJIeu#x 1O\0(\0jQ\03gV??-D]4sxQ\\6eԃ\0	^z?ƽ5-,ƅb_}މm1Уzn\\l8b>Щ[KpZ?x!A-y#e5)_xȟ$.\0½b]J;ڄvl\n\0鎃ҠЂ̏\"\\XǦʒ%o+<ؾ\0Ջ˷s˼N<s㙰\0>a9V\r?}g57/ZI5+x-?x\Z8˞{L#Q,*څ\'m$N{ 䢜\'gwW_c<(\04a\0]r53=eiz?Z/hڞsukq$QDAsY9@R|\ZH$J\\Òq\\S줕\0y!\"x}[,ß;\01\'.5P|+ź&g}NiΒedK%`\0	yWޠf%7:.$@RJ$_b6sr6ٺ3V5UuUE5v!4Wf\0*\"KvUal|/?|a~Y,^#ƝۣWgG	$\0	k$6SO%t*r$[zO7	F/\"\"tɃ֬=ٟg|o5iIլu=nKC߉!}|̺x\0| wЂRKk5o#&|!!>Vw1SojOCh9((((((((*	qږ(\0(\0(\0(\0(\0(\0(\0(\0(\0(\0(\0(\0(\0(\0(\0(\0(\0(\0(\0(\0(\0(','data:image/jpeg;base64'),(5,5,'300','Las calabazas utilizadas para nuestras artesanías son sembradas y cosechadas por nosotros, quienes seleccionamos el mejor fruto para garantizar la calidad del producto y ofrecerle algo creativo y original.','Shekeres. Instrumento. Música. Artesanía.','Azalea Artesanías','Cuentas de madera',850,3,'\0JFIF\0\0\0\0\0\0\0C\0	\n\n			\n\n		\r\r\n\0C	\0\0\0\"\0\0\0\0\0\0\0\0\0\0\0\0	\n\0\0\0\0}\0!1AQa\"q2#BR$3br	\n\Z%&\'()*456789:CDEFGHIJSTUVWXYZcdefghijstuvwxyz\0\0\0\0\0\0\0\0	\n\0\0\0w\0!1AQaq\"2B	#3Rbr\n$4%\Z&\'()*56789:CDEFGHIJSTUVWXYZcdefghijstuvwxyz\0\0\0?\0yqH#.@\'ڜd݀M/*ZztIlRb\"r~4x\"qS=]xK}ie+T~s	QeCQ*=0><p m֐ƱnQA8NXY9v1tAݞ=)[jZoܞ@y>I=JT[! \0HҀw*4t\nH\\`*Y\"=2O5\Z$@:/`1Qyc9;r~Q٨ޣ\"rW6\0X\"-5h#A(Ucnj.x*3	ZO)gU:#N(#5\"}.\0\'ޞg%O^)6T\0Ozyw<z<m\'g#\\g8,}j5PN:usJI8oe/+UcdHPGS,GTg~+;zO;Muۯ5MD\0wׂ̤?aKWĚ%x)u[eTM8I<ZO1o r0@96G>0;A~feՆ7FF2v^ژuU!%ky;{|\n)?jkʥH>k\'nNYYT)iŀȬ^`yEmgLd\n~g>¾y_<i-\r\'Gn/d2Ҡv(Rl(܄`	,~Ho$hm\"ˏ\\&YAG8^F\0e+x+]	z^vrmjҾG{Eʣ}gm\Z3Vh52A`5G,Ú~\\G44UW܎kCyW{ٟS\\RW`x5qAi9\n=M>z8vٕUB d{֢_i;1Ӹ(ى1ңf~8>pv{\Ze{frK2b\Z6p;?5o`c8zz(ͥ?r>S9d/XkL\0t\Z\"-\0M1XÞqMIjݑYcqEv{~\\\\HpxdHXu<\Zʽ7V5fԌ8sּz VmAlͥr#l<0zg5zSN7y5j\'	n:~OH&#۞3R\\jc!G\0W)*?AW#\'=+VUi(u25a6Ze1zX2p JR])pq\Z@zY\Zn1\0G9Ͻ]vv-	Yb	9yq#z\nXqۯ_Zk>(Lzč\ZorX,soOfBX+U}ܟ<\\(͐=)Cj\'\0ȧSǸhc$(A\rO8W{R &#ϭ e\"qڣi\ni6(h6y=tSj/z4${~=AHؖ\Z%_\r9^#,wVf \'99sֻwLQȑ>PNᑃk!4Ak)%\r\0:AE~7]jrm\03VQcr	d=koÑHQFCcO\0w19^>e=/یסGMuG^ք)1q\0[E2B1)ƝL׮j10STA<SdfPOhB9	E;،x]1Ҥ&.{p8_oP<*\nO\rQn>?JUw}YRflҡf\\眜2TQ%Fqt7Z8xr%zuؓ YHi*.!F;vTv3G=>aa<ҍ]\r\"ןZi.vT|ĮI\0zgǯ[VijX6\'g់tVZMh[%aU6>mrҝS-g][^[xYi*M5J)F7WvfŻOuPk`Q^E\0gw22Nz\\lT.NO#+ʔLEJkKu%O$F*\\u(avf2B ՘Y[R?JC)#˝F>Yue!Nz\0JylF=j\0jZiw`tiᅋo%7(	]bܻ2Meluz\0J	ЭJ*b<S׿_hs>k*ԩI9R[bS3R8^JbH7s6W6㯩qQ)9\0dJ^}@F9,gp\'pǨ,\"DC0ݗ9\'\'\'یrLC99\'GJq8!\0rI#LFRp\0p5E.G=\\Qps\0뫹<In8bl$c0\rWɣp-H9<fpWćvʒKst\0zӶnFbhjSWЩHMvc0!$c$z{gN@i)]!̏\ncG~aec*sǺi֒X?mB;Np	S\\Ʒ\rt8|!:F-mmu7{E?\"s%i$ ꍩrIٵtIEMw<s1N-r6kwO{=[|=Uqiha`I	f,T\\*	bA\r]l^+i-Ǝ[50\0Im=?WѾMiŠugXonm.8\0ol|akW^#incH%yWs,`k\0aR\'\nuWwKZ^q{?_:Xʘ<aQvnI_Jܻ)/Om|]o=k}6y[t\n~^	 e^xDIfte@ܤF9*CsqzN6=	Vzi\Z!+95W>1}[[-5ek;yhiKlc$q\0,E,$Ti6ܕ5ֺ֒\r\\|,^.+j$j/ތwGmZs#\\Inv]DoQxK.i\rs>|p \\Tw:\'\'CۭVG\ZьӉ#W*.f`/z]j_ M`41<;n8m\"AZ)M)-TZM6^|1xA(|ВQq\\^%~7k{n<yusT\ZI\02ONG8pkR?Pj\rr\nTnN~_lb;H#n֛[N87أޠWv\0@=M.+gvrx4EoؙЏҟr]L֬ fBwb(Yz[\'7%7srO\n=Չ~yUTڙ6rzS97vWf<Rgyyp#8P]pOVMƛ>.WH/Q9-|XI\\jG|%ǛFA%Qh4jVf	V~*kqG\'t)#5[\"2I L&K\r?XDo5YEKu^7D3`ĒT픥<:)I=l\\~{ЧK:vT[RTRN׊sMYk4/-vZsBeunU\n.$כVu+v6f&Qઌ}HziҮۭCM[K#dl#2\"H\01\rv loIx[L-I9E\0s\\18\'<\nmI{{[^(MtLҧC5rq}~6״m9{$\0x:ZjL_ki4A!?)اq->c٠\'nU	6ʦO<p3w^\r֭lkk.$}6+>c(A)` WGmsV`4\r2NYBwbNAC<4\Z*o}S{4:~vUtMzC7{96ei$:Ud/y6!<M&x{>6Z|tHs\rdm\0?0o$Ѵ׮/,m$Dy&>NF]w/мŗtFÚ7,UT[yl#&l W8-9<WM7IMJ[C-Ffeˇ/.ű)qdJ]Umjjf|]4M]I&5y|>\Z-OwYS$5L/YvN+dvZvp$kk>0w\'\\~j<tk(>`T/#5$~`9\'=?N\\z~3J0{UGA5s=$%vO 4*E=y wW+m*`7Hy\'d4I$tI3(|yRPR(E0	]#Qnȫ͵\0zU++==&**_fD>!4[\ZF&YK8́YnXԷ+ěTZ5#/zb-Oؤ$#0$ Bcw-s⭎hl幵H&Vwyoakx.mw&o\rډgK)ˢRǐ@PJܫ_Mb)΃vN/\'M=Fef0()8ԋ_e-&WގZMGl#Kwڂ\\c-nDw	vdGCHۘs*-$,|eCyGdOxzht)u}fEWL6Ân+9oxnĚEC*IR&q^4*P+Wn-YwۿGuXaZs|C6wKF-^ksOy+?xVӛTH#ҭbI,vXg;V\"ֱue,Z~K.lnVFNd	pC|M?/z.V~hXj/F9WK)ԬWMFBXgs>v|$xAbeBt^њJ[u0a\'+FI|qKvkYBRwzim_<[at\Z5V#u+O?qWV0\r߇qq\Zʹg,>gE$|>U8lI,B:\Zֶ,],WjWȉ~s=꯳!@k,khiocP[!T`95?cMܵ!Zgk=aUtjݹ8\\ɾ[Y앛IF.\0\0ϖP+Me$|F\\\03x~cDHJJ~avJ>nsT\\\0IVWcf\'1XzRG:A\n>BF4-N>pWK\rW)tT;}O=\0ƚe뚣>]nJmW IEE,\0I[@NUy}sz-DA ~Twc\nyfu9<g{{6dg28Y$d1cz+Џ\\[<оO!Q#@3@d*	%}DY`OGҼs?ØזrMI (o\"XX7\0#޶%i=_396q[]5oyE=&\0P6VHAĦF!8%˗f,F_\"S]\nU$PctQ%U!T$viG&Ը̗;dKqtW-!\njsjqkSg}[S*c	K«c+ r}|.\n_z7i̝{ߛOd~kfx|?~).d{n׹n[5^s\0g^`feuUm\0Q\"ve\';\"\Z%}d\r.+|è%$%$i6<Dgg]KY䑠QY2`4TTf&B\\v3q0u/1xd\ra *#{ݙ.g0߂F\'Rd5z{}˸2t[KYs9I?vrV@],7(8{1\nī\".Qڧ<;\n|awmAs42 ăz\0{\nzd駉\n+Fwch%P[8U*/ֹ3]\\\ZI-ޮ6\04}gd+c[nZ+ySi6QZ>T78# s[V1L>٬; cֵݻ<\nT{t4Jl( ;`F(,XoZRr>ԄFn88͚Tڡ0;rr01StIad*]d.~N],UG❸9⫫*򫌍P9Oґd0\0|׽W\rsԁIs۷<\Z\"o-	9${yX3HNy˖!2( Ϡjg\'Ƃ֌\'X#\r+O(rޝ*֩0s56ƛqx2P\n_|\".Ni pvr~Sq=ɬ#M}>#]P҅	E.U(ҭZ4xVCۥ6?3\0nۜg\0u\ZXLOt;BZyUrNn{{\nȴyz+rv3\rM(+SoG{G٠Xzmer@T[ ;p6hm<ZiX!毮VRxT`C?X~b]\rYcsOٕ;I}Z)9\0=jثF]Sc/P+X7qgRxT{p~+[Q.\0.','data:image/jpeg;base64'),(6,0,'2000','Buen dia! Sale a la venta este Piano Alemán Neumeyer con candelabros incluidos. Tiene una talla muy bonita en la madera. Una pieza de calidad.','Antiguo Piano Aleman Con Candelabros.','Neumeyer','Stratus',17000,4,'\0JFIF\0\0\0\0\0\0\0C\0	\n\n			\n\n		\r\r\n\0C	\0\0\0\"\0\0\0\0\0\0\0\0\0\0\0\0	\n\0\0\0\0}\0!1AQa\"q2#BR$3br	\n\Z%&\'()*456789:CDEFGHIJSTUVWXYZcdefghijstuvwxyz\0\0\0\0\0\0\0\0	\n\0\0\0w\0!1AQaq\"2B	#3Rbr\n$4%\Z&\'()*56789:CDEFGHIJSTUVWXYZcdefghijstuvwxyz\0\0\0?\0S(\0(\0(\0(\0(\0(\0(\0(\0(\0(_Vm7@7^x^ok򂗃l<|_?j7wzSx/[k?}Rcox/IRF)h)?~h\0.#oG]\Zf\Z#ud9dܼi_3c8|Ug;Bo]_;C~\n۱ع\'Y1=SD\ncڽnVxDg?g3CKk{3ڏ3ڛh4\03ڏ3ڙ85ZTl1klTf-<j<j]B.-il$s+)EU]B}f_=f]2Zrv~@\"6d>	5xã9t:\'si$f gju3cѿՙ/|0^Ӏ\0\0\ZX=2qu.sUN/ݟi_tO\'\Z2A?\0ZK+?.?\0cTf,\05rܞzx~Ѓ2\0\0oV؄\Zn(ZY!m/pCe[mÆ2xCVܵXcη\n=wZ)K\",>W^2m,5$!Iy$w3Ƿ\'=qeE|/\\vHN;;cɯ?࡞ׁme.0qGoy\ZKSVԣ9Nj:=H~9hR.>\0_~+Y\\3W@{\0ƿ45w3hpXAI$ff#rѨzbpAdRՋF/Cqtzc5~v\'\']&kcp+N?Uy<\nL]xBOU\0\n뻙M<&)6Xq#W]o7Qn]4zS|dK%O˯{@;Xav?e[\rtiJgxLN>#K:.1->wՋ\\(.H7P<~,ߵvC\"zR*-}/qIQ\00\0Jo<x\\ghaWcKՂIi[cE ?xy!8ٵT呉\0PSʰZN6~>!Aɧb1񬻿ۛYneuœW\\W37Zo;U\\2V4$(͂NYEGW]-/NOvէ?ְo\0ŷ<Q+r>o\\hKhX4x;O\0EG=06Ԁ~_Q5n?om%\rE\Z\0(\0omf?LVT0\0(`::Hr]YCq\n .qp9<T%(싍fv}%xG|/˻jvMJyYc*#U#v=p_~-ٟGa/G{q.>o-+M5\'ou#Z4w7*`AK$A#\'FNi>\'xI՝A¾[7pf#-{vWWK$XUF\\=xu|Ou#Cqo4[F~I=~}*\0\\˄Ko\ngxu6zgk;_c~O?6~DrU2	6In#\\qWxG>#7\"{kMf](-q3WaϡkC%$\0V=MzoïٟSoٵ\0<?X\r>]ōPfsE)6_\n*^귭֟|]^mm̸@eӜ_\\ڴ\"uacAi!\095c$wFĆ\0`:so<7s9_#qz}qC/XZphR6PBrA\Z{XƋk_:o:}S\'ů=a+llw\0.~#K\ZLW܂;uN#;睤\08<^Fkp7xLB0Y~RWljyQRKb[-AZYq	-<7l4eKѣwm뵿_@Q%I_GWk·Ԭcinm-D̐	+r9}*׉ 6^-ҷٞg^$P}\rv5|Bm?k\0ڶPmcqr4`e`O\nű̵P|$Ե{{ߋ#\Zb;NS:pyIѓJ1tz91Hs	__ckMlx\0Yo1R;\r_>Ҵ=?MKMCmN$6NͲ/#`eؐ\'\0xq5_Ge\ZQY^ڽmsSq{\n,[U^ kiﶛS:1*Hp7P[9{F^<t!~\'1m\ZMKna[{k,)ݔ3a@q\"dl\"tɵGCaO*[{WnAW]HQ\'˂2oE߆/a݆R]LA¨!HCi |׶>M\'U0_q\0-KFŰBWdR^]ni8%Ѷ|4>7ao*3KnN~gV\nFskI;J{_vklk86LQyfpYq\r\ZMCWtlxvSZelc%+0Bx_lt^Sj-A$r	\"%%εzik >S-lta0A%yBXqRfmJȪU`|xgQA%ťͬ1AYfCNϪ5V_#lkGWGn[)[h%A*nCj՜(7Oem\r`\r`mZ,R\0G4Q-ە\0%aTڼ	DΝ˖IYbO>WW#6:pS2Kb]$pw|ᛩ<-\0~Pl	1k۶-gF=wv%\n?n?&+:XDm\n? x\0skQ]_C\rԋu(:\08$`NfĒHkM!RoẞA9GIՙm	=xs1jjϩ/6\nXt_ryn) ]jˊ9.I#6Nn}+_\0eK+H\"EvEF>}M~~<}vRYfFohXWM;Kiakn7\0	;M.Ϙ<$>ldi\ZKR//\'xMb[Nk?O<et񆕦MBQ\\_bx<Ğ64=@ikE(-nB7u&rxϯ~}zQR]}ciuֿi,>jB	n$PW\r@=95\'ψd7?Gy E+zp=s<mPGf5%3:Y@#\rlēVƛ7Rrvl紟-u?<6ѹA-Bb\0:c\'ŚnCq_|wԵyb#rpx%	(G\Z1c_\\Ǌ.|ce`OҹVaiZ0_gOU<PnI\'Nw`;RW?Z/gF7Wڕ± |Ax+FKYT\ZwD%Ĝ\0bM;f7%B	wUGEbTv_ws8}\0Ǝil6ç sSl./.cI&pE!\0\0\'=ݥwIgghZ\\Le&p*Nl tZ5?\r<{ؑ#R=7\"m,\\^bpK纆mxl-v@RxY}UVFsS]Ou_wIve =\0jgƅ-yCvpp237RR]}-6OS}ٹsY26H 8έ[{	om<\'o*$G#\nx,cZmֿ+n<A[MOoR,uw_69PF\n	8yi}.n`uu)4@7(G15n93N2A)*sש#0EF̲]a\r$~1~\nizO5I\rYh{Uc+W5Tl?hmw᪮Y^]mG<QA_$mgcer>]#\Z5^\0FG0\0Xqݑ|5colS6v\0UA<	-A\r˩0(/?J^+VN;zK/nc.oʗIIA\\u򯤾$1wSC8$,:^\rƋ\0ņdǷnt_u[6\rF%<\"#m_.}:WJk:oڽFPn8^WGGCprAJ\"K-Bfϑ򇍵GúF2Mq+MdEIH1p=+xgORt^SUEo_\nYLi|Q\0v[i#w1z&zl	> 5Qѫ*WFmp][\0a\05^o/x{kIݦ;,r^Jc_wx{~sw0F%A:^G1fQ^/0*U%z}D)NpS[*i6Nᯇj2<qCmVE;[\0઱=+Fe6=ލKVi4kCq#LwfDI1JOʧ\\h;Wc_G6egX`%~RBu{|5mS0ZVچs\r췗/<XvVIUrISS2\n_dPoIM#V\0o,;aL16NKChn嵹h&?ƙ?g\0g[\\%i.4[G\r1%a\\ǁ`/﫵ߋfƖwӛ6Z|I/6<ZcӀq\\Fk_x\\՚\'UfXh I(qY<^}ZWQ]\'\'auOKZuYmgޗE\"USͳ,$y/,dlh_tz.]SV\ZI}\Zo3r]gUlh`+\0Aᯂrn\0OxU^{ۧn,?}hQHt`XN01`J}o6>|Vokx\\$F=;7K/3yȻhʑ<;lu\'eLĨtmwMG[[H\nM̬g\nWnω>9+[OXfJ$yF2xbqWKm{R<pt̯ mv]ȱ>.O1ԟKܦw}Өx$kkōk?JH]Lٴ#~T+]~_?ºI<p\r%dA+Iq$ފ2Aly믳K$BP6f<9aF>ᦡtmOP(\n*H}G$ b63#t)+֔o,(WWJv$Iϊ`׾(9RW71iXGʪC1-	+iZL&Б\0Nq	s^:}\Zl[$QvۃԜHׂ۝7F)mjq\Z3gn\0\0㹛h\0qg85,]d:jQifdx3ĐhD\'Hk{%k/	Y@\\jti.Prp	Lb]Q޵sN䩸\n6#A*\0T%K͡H\\)$2`2BqkZ\\2;7}=5>O{i?z\\3*x^S].ƪS\'pzq+8\'W>,lhZ-?y\r1\n-\n:3O\0^-m[6w*	0 	<Ok\roGxhS6UIH:G\ZNrF~Vs7Gl``;2w18P9գo^E/Yb0Rp]2O<ɘNpn%Lgګ?O~V:Z4Pkj-̅v`>i ҽ5+ԴHYDr*BfHn\0|[hٮuuuo\'JsD*Xp?]\'1r6xt}\\VzUg΍N\nII\ZPSuuzhK-{㿋`|iN+>U/gVf6Gǧz?	6[yg@.{q7zA?wq^6kvo?6g=r]7DG򘊨,ܜWm\Zqk:/\Z8iuFsP\'1ƼW!Ytk|1IIp	V_q\\kڮF]faa=㴯/=]^8UpfF	9&ˡϷ#2q[MZyڏŻ[hp%ȔI\'9Ě)eOlv`ȯSFxRcD\nHC 1923ϥrZֳhriiQ1m\n<Lǹ09s+v6plO,̶zl7k<}`ִl7w퍏o,C-{y\0) gA\'\0jզ\0;]^ ğ+Ko$yo\055]h}8f>&ZX=$k^bv7z\n%}ŀT)b{95u$7xNA<f$!#H\nbx#>kjl?/ ?#~c2+r+ŦA]hMЉXŸ\r\0cב^~i^Oލާ^YF<TiFkHRaaCʌsq7KhbkX+iE3a%O>ǐsX6S{j9*sOc#CF 6r;cbj_$mV6:dzZ\' #9*Tmt;?^\Z7MH\04(?@sﾺ\'[761[QyՂU\0N:ڬ_=dϝ-\"tRxŗů<A;:edF?\'OӔ[jQKy8\0QZ	#j^EM\Z\0;RÕ/&옝3VZuH.ZZy\r3Lw)zr08htT:LQ!H!g \0jC-ō\\]m0g«*;c,i_|#[IÔFXoGҾ.Zl\rlV0^@E-l60;ǹ\'x~!Ԕ`.|-}7:\Z?L\r\0KmhFT$H~RGAc^3x~\rSȦ9%q	sKL㟼Ae/I}RG_Ъi6b\'x\0*68;׷}8)\") \\U8WHmL?`3ԯ6^TfiOyӾ#Ge𦚎cۉ]\'ܚ*wcO=W(Ն6k̩b+i93ҧKXĥ4/S=}WX29 V_spk{[M}Kk1팝\"I_|(<syŨϨ]^ $`jd$p:bVkHrx$^Z{ddޤ0#+땕B^EYy 8=:qjͫ>q]5ը\rd\n?%suƞA$grǕ8?1S3m$79uj\0DI\\%Segj(q@ƾ	p>0\0i\0P(I Ҽ2\0%`(ȿ\'JU׾li&hP9v(ϊX9]t?_L\0Pr>+c_K3MIRz?/<>O? t\0-R)8%wY@8\'q_uiah$nn\0}i#[B[%*$Oz<Ȫ]&3\04s<Ƥj*^M^\0#f+Hf\0_N\'L_G{	:zd\\|C0G\\t\0Ù\0ɣgS:$ٿ=Ao64c##?}.߲)e\0\0aù\0_4/?>o XH?c|D\0G\0n~U2~Wi\0O3Nh\0K8?>p1qޘHe9~ȡc?2?ag dt\0\0ռ\0˯?8/5\' g<Vc03\0\0ju\0c$l\0s\0Q$R_ coR˿?8/*4	r8H95~Ŋȩ\0 \0\Z0\0Nqf\'.v3\0P\\\0zy\0GƳY.g%drXg!N+ؕE$pN+˯\\r>+#,\0&9\018\05KsK\0&袊H`(\0(\0(\0(\0(\0(\0(\0(\0(','data:image/jpeg;base64'),(7,5,'G','Material: Plástico smil madera 4 Cuerdas longitud: 60cm, el mejor regalo para usted, su familia y amigos, adecuado para 3-18 años de edad','Guitarra Ukelele Infantil Grande 60cm','GUITARRA','UKELELE',500,1,'\0JFIF\0\0\0\0\0\0\0C\0	\n\n			\n\n		\r\r\n\0C	\0\0\0\"\0\0\0\0\0\0\0\0\0\0\0\0	\n\0\0\0\0}\0!1AQa\"q2#BR$3br	\n\Z%&\'()*456789:CDEFGHIJSTUVWXYZcdefghijstuvwxyz\0\0\0\0\0\0\0\0	\n\0\0\0w\0!1AQaq\"2B	#3Rbr\n$4%\Z&\'()*56789:CDEFGHIJSTUVWXYZcdefghijstuvwxyz\0\0\0?\0S(\0(\0(\0(\0(\0(\0(\0lGm,31P:{\n\0lkQD݂($\0w-?࠿焥]*_\"/E{9%x22\"Sx\0g_C-u_5y4%PmAܟ7Ğ<=I1{\\EV!TH9,1O;H$WaI)7}SµtלT4{7k;-ŏ^=~]̦9\'11G$bEOŋ_>6{k-kGԣ+fbl	51`WhJy!\0|3{Nq-Dv|#0<t\\SV{5|8e%OGEWiQ@Q@Q@Q@Q@Q@|\05vSkA-\ZݹlLtgŽT\rm%o{}zZgH!`j?qw^kW^$ӧ=˗4YԱsB(8:-P\\\rtgzitwЇguw{r&y+h#d1*g#=O%\'>\r=JP+Jub]̹70#/A?g\ZxGw8mB<;\'yo9O&Ӳ~gXM,KRhvyI=}~_a3M$,H-]7p˼p@\'߅|\'>f:}-;YH՜?[DB ^&׮VSFbG\Z Tp2q>\0(\0_E¬<W3k5Ԓ\nmߕm~+(((()\0vi½Z=j൶9Q\rE ,{ȏ\0o#Ɠ<k\'Ү0`!u܅vDn\"8V?t\Zu/{d6ՙb%@Mssi]ik%n$&9t4^b8xkZ߈<U\0.ZPZ\"5Ҍ]Tub0w<-k:wm~EH4aǜul\"F/_U~1Wԯ0gq+\ZR3mFǌxNjZPSkX~R\'rtsw/@eygY\0\0+_i\"J\0+`\0\077F\0QE\"((((*>ҮwRZ{DqC\Z3\0	lmf6ip\Z(31\0$\0ؼσ[\"}QS\n뱰%F!c*WYhq>7ock?GφK0tL޾Tjq3Dq)\rmw-yWܚMyk&K.j˶gծ/ghp.rʦca˨_0nGo>ZEI\0Q<9Y!;CB>R|ѻ۷>#fХP`RsxU*/!eOَ|kY?|Y 7Ҁ?vns18\"cKLX6Aq\rW(XxsȉxG`}i\"( vA[\"``q[56J\\QAEPEPEPE1h><Ռr\\Bg-ʈwAf#RmE]J ?a9\0=\ZbYKmFu\0a;|qϟ[:k|Kak1vY<Gz<]5uu%2J\0(\n\0T\ZҒcW+	=ۿ|/2jvG9/aXuVTz\'|[{x?΁:mٻ=A=tj?s\'LIM*,d\n0XF*A(fc#\'cᶛOFHmH0KF:[^Ms;3~%J	Kt\0m^{>?fM^1M~:Fd\04j<o\\Ki?Om4t,-Ee{\ZqZF\nR/5BU!\'t:墋?3uoH\'`{|\\6]M\"i6#\0NpB8b)v\',D\Z]|s)~iC0wt$ *$@2H\\/_1m*\"\0(Jgm8H\0v \00:\ncR)QE\0QE\0QH̨\0\'\0-_ůۧᇁ^m#ImeN2F\\p23oY@ŧBm?BjO𴠙[=y\\uh7w{1w_OYjz!HMMuI;9\ngO+őLZ]/Hv611<Bb\0\09/^&\rsp8IgϷtھkIfQ#þ#|aԬ:KCkX}<_aÿG	R\"њIw\0!rŗ\0uܫ^O~!|7avfx@ \\I輒7\Zƫh;)gu_(!\n3>\08[Kj\Z픏;rxMڸ7p8r\rGnR]Z3s˒ak{}\0w?X_-8z<A#\09-.d g2A@?9|/:÷\Zڔ(RtbE\'}g(#^,\\]MG4*Bq^na\Z4d9nkz_b3,%(.ͭG_cjt{_\0`c^ygXg\ZHî}8cw3(3½hmybf݌2:\\,75X	7Yr9t~6\0vLQH((oo-49\rBk[XiGj2xU\0I_IOڭ}6h\\AMUG\'DOݏpF~~=\r鳴sRO+K.=HIϸ$6vg62??ڼ|:kSݟu5,\\/_#-B0σc}Sӡqo¶|8۞}*78y&\0#|I\rYNQWq>8\'+㇭^񢛶`Ov;KGXBοrP3\']:)WdyBF9QqؓבazD|Wyx|FXEbK?#=z.Zjlj*J./_?\"O?qy-nCzrae;xOkzGbOle0%A<g@\'$mViopbCǰ폩j.խ|\"oIs^u0I8tNz[`ؙ{Zuk_?T\0.vͥG $ ⳼_\rSP]A.\0$11UF\0LdZ\Z5{eq8y}klzZL\rӵ4E޼rW`*֬ח4%~f|$Vݙ\Zvx{mpYfss8\0Npk_)_cݶS;sxɵ,@¨\0z|o_+\0`xYu1i!,[?7Cτ|-xOEt{Az$Iax>g~i\nuWqEPEPEPR]*Ox301XI3@YX~ZI\n\01g_~\'ZգK˘DHpwO`Xm\'\'~SڍCE֗s=2׆U%Y[=#x\'^AГeF٬SYP\0z+uj{潽<£w<v𶙧k}b.nUrrUq	<c\rc[Y]2WL8\Z0٧k{52:9im_<,uW1ڨOjP\ngBZNi-<]W pd\0q\0ּǿ}oA{a.) lgorzSÞ.o\rI{@lW211ʠ\\:{\n9֣џ11[mz_QbEء^p=Ա\ni-{t0z`0:q\ZҲz4\\]&Yı4n*[0cuIu\rE2\\hXxN1ê\'g/0S_Dv&y5kv&.IT,qz_gm\Z>-6uó6N$c?n2m(,@,GX|~xcI8%HP0}WP2|K_i`ҵ1(\n\0knǅQH(((2f}A*x\0jΣg\0Qĉjr?qͪmIcvGgVVuqsVU`O\n\rqZG#0<	H`ox,\"ĆpIrIbrG w9_j\0fɢ5\r9/[w$vI}GBy~h[\"}Y[i|]2|^zq_\'ʣRMj~gFΜItsv=>WoX}[GӣaC	0N\n\0${W%7ycNtQPE}\058Nnu(ֳjls}aٍ.<^?vC\"O+,3[dru`EijsAeچE\0/Ïx\\/m|<Dd¢\'@^Am|jCshaiI_c>ּc<\ZۮF\0猒[W\\|}C:n7Y(\0zEp_\ZC㸍C7>a]牼0uz}휶\0f˹\n.@\'5S\\7N9K4oJuE?~5}utcúލc+aT \0w}}1c}eApZDA<.9caeaAL|>#Z=r4\"tﱀN>b1_	?OnVLq*Qf.	\0.@8\0\rNZ=-`a	Pv{ߦeEW|QE\0QE\0QE\0QEGYѴvM;SYr >7oJ&I\Zj|AO%A\\3u23_S]8VՆg厳JOOIfR;oRq}랓^0Q\nqq4><\0Ы+Ŀ<N<׈	1aZ%O7s^K\nG~\'OR~yiYZW@bF=D鴱dK/.{ox[CM;OqQs^Q?ύh`=QPaEtҡ\ZĢlCkiA*VǘQE\0QE\0QE\0QE\0QE\0','data:image/jpeg;base64'),(8,1375,'G','Organo Electrónico GADNIC T01. Display de Led. 54 Teclas. 100 Timbres / 100 Ritmos. 4 1/2 octavas. 8 Percusiones. 8 Canciones de muestra. Grabación y reproducción. Entrada para Micrófono. Salida de Audio (Auriculares / Amplificador). Vibrato. Sustain Incluye Atril Apoya partitura y Micrófono. Dimensiones: 84,5 x 32,5 x 11 cm','Teclado Organo Electronico Musical Instrumento 54 Teclas','GADNIC','T01',2250,5,'\0JFIF\0\0\0\0\0\0\0C\0	\n\n			\n\n		\r\r\n\0C	\0\0\0\"\0\0\0\0\0\0\0\0\0\0\0\0	\n\0\0\0\0}\0!1AQa\"q2#BR$3br	\n\Z%&\'()*456789:CDEFGHIJSTUVWXYZcdefghijstuvwxyz\0\0\0\0\0\0\0\0	\n\0\0\0w\0!1AQaq\"2B	#3Rbr\n$4%\Z&\'()*56789:CDEFGHIJSTUVWXYZcdefghijstuvwxyz\0\0\0?\0S(\0(\0(\0r:b\n(\n(\n(\n(\n(\n(\n(\n(\n(\n*aXjzvv45gvb\0O\0\nW4T/}oUVPQ_:\0Bc2CƛMy:H\0Ed;?W9x{R?SJ+?ࢿ4\rM\'KKk\0oʇEI4mE1\0}[,>uW![fEziƟoiW,6M!A(\n(\n(\n(\n(\n(>mweܰEŶj&Z]=b\"5xsw_Ŀ3/:/7m]57g`W2vI;qBgx7ž@=_@k\Z>&B4{;Pn#8!A)ߠ:lAt:28jG\n_3Zw[xwwW-BmjfHRKdc\\F]xdY#6d0#\Z@IP^X۲j0A,\0a2@=Nx\\[[ww<p\n4I#T@2X\0_6\\퇫\\h^\Z>	i\rojлxhij,e`AE4ǀl;Ь>WGy[\0O&GȖR33-%WWRßŤH\0H{2xnFih}a\n[Z[#\08\0\0\0~{s<{>dxtȓ궇n=eQH((dҤ1<0UE,I\0\0:?|YVsMNm\0[D() F.[	i_E\06.2aInPnmYj9oÏ(4Gm_(d\0ڙ-JLlw/}fl0,	 #{ͷŝQMKJ,o,-q$w(YA ){)7 >1|O7XN&R+[w^cV|Wn\Zv\n\'\0WgGh?5\05\"?)FvY9,Sifo~,y[e=vp%}\ZGbGAޏg&G|}^i^*Ѧ/a{{/4L0H${W/ߎ4\0M?	,o<#\"(r⿼i>Eߞ+>o.\\@ڼpY\"N<gnh?7>dbSk}Cge*R\'^Լ\rmi>tDlK{[}>xbU@\0\0;WPwFYaQp	 ,RZOٿEJ6\0c9r){7.Y]C#\"uBE*+xsmlbyosm\Zo1U2$!_\r,1t.%e\"W[1xuWJ?t?twϡ	bï/C\rMR]#-x6Yy[Ӵ>\\k\028\0¼&)Tݳ0[hb\'\n	ْCnߗMAs+)Σ>OjL&\0kq0~F \04:RA~Q_+\0i|ixCRh3)RY.B#|r1>J. O⦮4ꎭZ\nHM#[׆}&PW%Gr6Kֿd~:]̃Yn\nP\0Fy׈t@kk[sojJ<H^s\0	ABp1NYXΑY	TVv_pp5;H\r\Zׂ f[[Ќѫ@PA`zG췡xy|Q|6:FHD	>MHn޾ƴp]>žs}x^)5[hRC{@XDdQ$EA\0myKFcIoPxn0sݜ/͌qe>|!EҾC{$[MlCp3\0I<\\{F>Z#^>EHMjl\nXHH/Ŀ<_{Moi\\/Ȣh;cRXaZ5xO^xLi\Zzjon{\nK:r~`85OQ>\Ziw:ͮgFtnKvD$bG~G*LSwStO\0xGýOitz\\\\L,߲W-?too[fEљ2i\ZR ΄1g;C/MZ+K(5ytCYSn\'Fܰɧ|ssg:$ivrE\\ጨv|\r9hMhמ9]h|g5__\r|qt}24!xy\"(8(@צmoc1VE%ʶzCDʰ	\\`3gG%Ooxt{[	ݏzO;[;=L4QMV6mm,a^wKDҵQ&ϯ}Ӣ9߇	O[,d+֯4?2!QAA3t7T|]m\\ڴ2Jf7*1R냂H?{x&3Pm*bBNF\"a	 }	HRޠ\0TմQYX\"ٳ3̀rYAhI.y7>ckru/4Zޤ9El	ݴ;#\0MGɗq$Wg;뚭ƥ㿅QW:q{%8l+82ya쥫6ZM3tO\nűRF.Fq*}CyؤWQ{*B_Z~OυHkDD cl3kUsko/[m-^Dc\0;opuc{K:ׅ/jjv\\Mki#B	\Z\\lCZ^M/UfVkdm ۃWbOmt\0rgu #xP{׳|9{WeݎE\rH\Zν5]:92O٭bK?Ҹ_\rj\"\0éZLw7:l2Kt&6i6y<\0;ܺ busM׭Z&\rżXBdʨpȫ\'i]eFw^;f4g5\r4Crk*xY4PyP3ֹ.XAN\'6u-55d̍eMr:#hdaxau[q6[5->_ʍO7lN5i鱮\\\rhIi!FG\Z\0C8D7x}6-\"ſ|t +=!:W@O&YndFJl=N|~WxwA~.Mr+<].;ao4Qm)`lڟNgoCG4b\'^*@(\0vrë|jAn!fkeiLl13(~lO{H\0>#xūUt=a[:,\"\r*?kWoڽty>z׊[CI)wO7ph@TdxMWP|Ldl\"\\`M5v}P[(կ$ BGa#aln$@TϰL|Z\0+dc]Cgf\0wgo|aƷoI^ǚ+%Ec4WBU6yDHNQi5!tCoX2b0R\"%197\'#^:s$\Z\0,X#M\ZEfwqݼT-~u\nhw\Zv?K	\ZۗCwBsUWR8@8g F>oݎ*Q/J-gm2]>8-4b0Au\09NIi>O\0<a{vC3e\\YmK[Ǒq;3>%\0u|^M+©5ˆa*\0N4ie\'%6/ؽvI6F>a\\mڿ3wlzu\r*Z5Τ>eәQ&vvpU9!$D?39o	%u&,RC@\Z2dx;5U`%kDc6_3,<(rf`zEOF(uFRf<Ә_FL\n\'cV,^ICh펮`2ı9\'~!Ꮝo^ׅMV}3s##OI&4G++z_|khz7^I6,ͺFa	-݈/qjV5һxMC57gm81dk.k^Vek#<H\",\'cn@s/kSU~3;O7/\'I\\kچW仵Y{4m\rp\rORit&[**H$9:WyJ{\\%e|dl\'}@&^hWR\ZE9Щ$)xll?µ(g2O2zH<%q\02\0E>iw#\'?п\02c?\0+Z9,D1\0B\0\\=GMZ--R@V8\0	\r34^7/.<Y.Aت+~8}>E65L]bRKGb2ʡ(-80?T	/&ԼunvTD,2Ѐː	fqӿ?¿9ŭ{5<ۼǕޡ9\n/ϟ\'{3L}Υ}.|xMkpmd_GOmo*VË1von\0YKFbE܎܎ʐ<2߄[?ď	eap2\\}NCo`Eo|}u_)/o||/z>p$Mj\"ƊD;.*B`ERn#ts=\ZN$|DXew\08g57\"^\0{N\0d\0\nugxF>&X񆣣ͧB.si|DB9%AxTp\0_+?[ХZ=_I2{YznCA)2qG\0#otOxC£tOz*9qYx[;\0(\0Ge;\0+^.Oxj?z\r-*վٸNף$J~ U( )(\0+_c\n+ok	~Z5\rjvdd y\nѺuW~:|5?A=B}B[MOTkahmsnL-[;XkTZ嶽Kw08˸h8I F\0/\0~~C<NF.nId@I\n;_*\\|Ӫ8]%r\"6Y!Vp,~l]K\r1I瀴\"w/HtdL*#uI7N,Ӵ{+Hؠc\0W¿RMk\Zgŏ3iwiψ5K8U8Jr½H0ӭ]xCq[\Z\'	wt	TN;IS`y\'\0f\0iaVspG4,à\'p3`TRzWψuXz>A9b**OTF/\'\0ڇj~4-⸽${-:!v$`̏\0신\'Xt:4-K$!U#.]\\`fu_(ZNLh?bopI*^$}[?HZ^OM;>.|.Ӵ/E9L[vKJN	鑜hG\roe|	GGP|n<e#5B࿈JTN<a.;KM`错F?J\0g\0	M/?|?5k/MFpDoB(ePTC֨AEPEPEPEPEPEPEP?u\ZkWv#}CMH6Τߚ?f/:olg|,4VX<X!+̅S\"1SP]KLu	_OO.k{X_FFEU;ZXI$B%|D]	HfԢ\n(\n(\n(\n(\n(\n(\n(\n(\n(\n(\n(\n(\n(?','data:image/jpeg;base64'),(9,15,'300','Estas viendo un excelente y completísimo set de percusion para niños con estuche rígido, equipado con los instrumentos mas divertidos! De gran calidad y sonoridad. Ideal para jardines, escuelas primarias, musicoterapeutas o chicos que se quieran iniciar en la música de la mejor manera. Es un muy buen producto que garantiza entretenimiento en cualquier casa o reunión, ya que esta equipado para que varias personas al mismo tiempo estén tocando un instrumento.','Instrumentos De Percusión Niños Set Musical Con Estuche','KNIGHT','LB17',2700,3,'\0JFIF\0\0\0\0\0\0\0C\0	\n\n			\n\n		\r\r\n\0C	\0\0\0\"\0\0\0\0\0\0\0\0\0\0\0\0	\n\0\0\0\0}\0!1AQa\"q2#BR$3br	\n\Z%&\'()*456789:CDEFGHIJSTUVWXYZcdefghijstuvwxyz\0\0\0\0\0\0\0\0	\n\0\0\0w\0!1AQaq\"2B	#3Rbr\n$4%\Z&\'()*56789:CDEFGHIJSTUVWXYZcdefghijstuvwxyz\0\0\0?\0S>1[/_\0ŭ3Y( \0q3x\0\'D\ZQsFl5\\ehEri$mފ~x[x4ks+R,*EG@pN1_Hڢ\"*ҋ;3\\>Rtk}SWMz1h\0sៅyx?\'ӯo<:Z\"{yd\r,Z(8mEXdrjU[Tmg1B.(̻ۺEx/g/O½|Nm-<m>PߐspU\r3Sӵ:X/.- pÂ *i)U$[q\nTJK\0-KTW㟋}5v֩cl(Ȩgt,\nCb碩*ثt` Ej{sRRZOm7Eb\'|=um~wb7,#5\'weUk~/k)ҵKK;kvHX\01mpmW]2\"9sGn)b1i9S%\0ej(?MVfk/CO[Ia\rY+s0ݢvQ^Q_ڧE,\"X	%4daUEsTK1y<)TWb=W\\D*Ie# :)QE\0_xl_eݍnbB@꧕nXꔄ0j*SXM]3	C}O:eoi>\0ԼR],9X|p\nhOo$!FF*+};O{;xe`j+b9cZ<CsO<W35\Z͵Xa)Ɗ_v{Yf|W|g8˕t}Km~*]g>mgiW͕ȸ9 ݚJqi<\r\0ÞZiho7\nǼgnqZ>x=SAլ+)lIqꮄ\ZX8)Jt<_q\n8\\uKik]ݽlYo	h~|\0Nӥ4߈,,ݕy*A3	3\0ͩ:rtwn0{߰Eψ	4c6oy4G8R4V) >B+|3KY	4-чU`yV\0pxzt_֪nf{yu߰\\iIʽ훵~~\\~φ\0h:ËsMsp,.c6\Z\n`k3[׊#kV-%W3+.[qڽA^%bFFy?g&o>ӬXRh[yX	$PR3ceGG^xNw62̳Rù{P*vKV~wm߷\0I[k{RH8,S0^x\'.|O<m|igae~D4EU@#X\n7+#pHWO_|W|]ae61$ܫAXf\"`+GW[kGq~ke5\\5K%f,ڄd\n\0H-K(O^7b:g>*|c}{<:n^3cq$eT Rͷ %kyuayo}i6B\"6	2#+V׾oFѮ51ח1󑌅,AldtϚhWkWvYף\'Vֳi.kvsng\Z|jfFCc~-TFcIY湾3{~N$\rr\0I]enA=kH!j?`R(Rԙ]Fp2꥜]xɮNvϽ\ZÄWQDrWjUܗ	\0བ-Ka`cñ;r~_+/xMEI.f_$p\"!d\n8ˆ3_\"K\ZGzk4_;jZǍ n[	uk!g$2qX5C\0OS>̲&g旵OK\'>h]<Щ|jڗygKggtnbj8g_1c\0dX\ro/\nx[NMCH\02NImָjsJ0yy+կӓ+d_KRZkc<V|#}]|mP_X6ŘZJj.?`>,*Uާ4Ws~УhchLdom윚]IO~~9>5h/ukYNIү\0g)PW<u^𶛤Z,*tf\'޼MYԓSV>־)dIyɮfC_SÍifQ$&scYXe me/?_\rxHSY$aĐO<=-OG;t7P!hو@$=+<YC|>[H<\'}$$WC r6fc˜Ԛ_	cS0έ}gNVoW\\VNTtWFUBpD9#v~gMO^~ͧ&1{ܣW?mBx>1ZxC2K `7\07yƞ\r?7:>G{v\\)S 4J2ҼE\ZL5#K_]QAUQ$_q^2]Js\'x4f f#l@Z]	\Z;CYIL$.3\05WVo5̞XDV\0`~5/~o:n$x~DU\'8۞ykVN%2̟nY}ѿ~&~>k=+[;vylA[S B5|!h>7MּL^_OhH%`e\rl_Jhs=mp@0\04]7X/<7hV[$y^:nʨ(@7\0]Xŋ*0՚wՖ룾wW&ձ/曖m2xo/6Yj7FK۹xrcadq~^xKC_ϧe-aL277AOk$|GpxL$Mb#FJdݻ\'ּeiwoe5݌2.̣sFA8__ǌ){WG6k\rgciRVkz>[o>\ZNmhM3,j\0(yNo\\]i:]]0?,p@Q좛7|=յֳG<BxeVSpF\n[_\0Ů\\4IaB\0RGbkKZu{ݾ\\.uj݇BpT6 @O\\eχ<kwWޒiV\rHa{Aƺ_#@3}u-dQEX5N9~0~,O_ts?\rn/.ER@M\0|9`l|qcvW:6g-Ls]KVo_~Yǅ\"xZZYB$̌޸is\'o(fT0KfviyCں/\r*?;?j^DZBJq;`5	#Lך{HwTf5cE9Ԓz~|eb7y7H\\LB9-PBWry\\cXѓPQAan$hbrdt5{Kúg;xRWX=5˕K	Uձ(,r;YxA<=[ua[gsUֽ?mMïY.ck1~h%[GϿ-S&\'[Md1>찷LW;	|!ah0V®\Zi+~_7I߂%掱Y&E#$$2r1_]W6\Z\'Q֬~b08L,+)NnN0Jre]KN\'k[)qt#H#?O<5\rY Y\0:#89ɯAH፥ED@Y\0&j\Ze	6dq\0cc+/aJδ8nҌӷX++Fє<5OCQ$*%uB\rܟ^i<Omwtmɉb;}Ϡ+=F$4u1\'v9q[;<$Q%ozN]_:ѭƇ1+!	9[9bLӶ*1p\0:[Ƶ\"ѢWWZ</o]Yit1?tk ;rGJR1I}]E:u+Wܾ{#7:Dzԯ\0ov^%oF<W\0VR(Ĝ;ۂk+-JCN5<r+#Z)虦\'A}袊(\0z58a$=\0S^\r/RmCRi}:6#͸{f?o!V]fPdylW:fg&ھak-ȹ/L29DGL@Wbs9,$b{J\\J.;umR\'IIɥʗV{V>/@.CU\0-lafrc]$<h#俹+Zfǥj1ʳd[)/@׽|;s_ݾ4{YKy01Q0B2A+x{+-ViAby$px<IW\rזFQ믺|^P:TՃRY[Y~W3wdr-롯~:7ĽS0ZG*Xv0#yRpG/iA<}GkYZ+|[_=⿈^*F2~b\"gH4A<qgw8U$z.|q>$}_Q5H-ඊX gA,_/[ \"Vɿk2cy#dV^K}Dpe.nx\'\renIeDv\0\Zs|39n15ąQiC$]H=j_E[xm`n-b+qT\"2K^O9=YEs=|4	3j ?S}_YfbeA<\rOX҅$Eh_s3`~eoLꓹAxUϗQ\0zMyAS6CgԵu+hш9C\r$:uҴ]7E 48,PG1T?ş?GIiu{U<o.JODm<6\\Z̒*H2AG9Nҷэ,\Zt)6\0G?6m#Q쿶u	mnF?! CGPk\'|C\0~0ⷑ|HH4Bv(*θ(_v_+K٬4i.$UdTvAbH\0@\0ecx⎁jat}3D+94[Z&e!\\ܷ\',G(J;c&k`t1PrZ褚|𥤥B)(?l?N?Tޚ{2KmF[62BBJx^twG\Z<qej\0LxD	|@5[ǚ׆o;\\b	oX7\\0H=F\rTd㰚?\"ĭ;WχvRhZcY\Z{\\\07aR6$(a$c [|[+tq,{	&0[2\0r\\iNo	|17ڜ%cs|l- \0B!Uͻ\0nrf\0M_k\'Qm7M:wqR>UA9z*51r]Y;҆&*1I\'\'/?FvM?Kw\'a{iylt\'Ԟ9x~%\0$M/7?ѫg^?	x#ZD:n\"`1N:\0Jt7FMl-!ϗD$G$878ͽ_\n2Q[|s^0~$/o*Tt96G$r+@#|y%xr=ޛ_n[&%|!ˮATgJ\\{ص{s%V\r$D<݂%&5\'L*\"sӊqo\rf#3Q08>{n.-$v+Wy˺f|ꍿV\\$\"?\'qJ?GH.\"$Io#Ȁ=^-|%Iai<fiZINO={(\0NI$C6ш`8Brap\njoXZVW׆%x^\'uPcbdA 5~]w|1Ú~\"d{[KQܾH~C$nP\07\0u-[r=/%(l/:)7WrwPo:mfl<QūkZu$>HHe -tݎ*jVSl.e[	QVp{ūYS\'5xAs¾\n5]\\6&0J+m#zw~\n~_ix2qD4{3*\0\n\0g\nRLuI-^]_woˠQEGQE!@W?\0\Z#E6G d]1i$HHaEyʹ	3޿9/<a6}[dx|M$\ZjW&t7c|\"GU\nj1mnͨu[]\nLW;+8<Cu]M\'\'$\0EtUbq*o<K\\h<K	~4C%uT;!˿vK+rF|\n-u4mJ9,0ȠK*&Nyf\0ψ ͸-^PTOyq/Sx`]}o{V>5\0|jk~-oETuVA<ϵtw+oJ1X㴌`HG{SZfX`HX4qU}>ނxnaT)T::)h-anv+X}\\2xzVIu {]K{NRlYs^o$qɨq~1x$ay	Nӣp׺%9<pNMrz&HN]JF2=ڲ~C\\g^dqwcm4GWkCTl4r3h8Dp-E-YMAxGE6͝WY\0-X[ijTEbG)-ˇ\ZY2_CT?	⎷in%Zy\\I1ܱ,X\0\\״ٛJ`>YϢ漮T~\"jN%,jX;pX	$f0w]:`yb*~#om̗DdAlwV^EGTFp1Apkʼ2:9wJC5ȸw\"ubňxvc,`۵=sM\nu	\\K*u\nj~>eJQi]/CGJZj>\\gQE\0exK|9\Z\0[ٝBL`9ww\ZޟcőI`,6dWh&Ż!;9_]Ã?OR+Ƴxid2H8&zҼƗT\r.G\'kCN>HErjF:ݜgڠp)k>\Z\0]b/Y}&{rћ%FTmlrs]G_dYKc5dvQ!ZVnK}J\0ڇ῅kh+kk2U%Vބ\\:_>Wᗆm#7Zm,;3K҅_m.[\'絿FvΥ?*~DzW\"ԿIAdXI,bXne HWA\\,,\n\0{{WOt\0n}[o_M]LAAQZx~h˘жq,o|=>xͭŷ9m`$p0ɖg\0iُ=kϓcd|y+?|=l/\ni6{\'L`ݑ㴖AǊI*vGsIV\"[LxŚ(VH	kc\n\0F0>i%|G⋗X~kuv#A ¢M\ZSW63kgm?Sq(G%	bcNQNХR_H]_/?9:8]e/y]{,hɖ\n&/p[gTٻ:z^q6pmLbhpPPRJuty>!	e؂UJ02G\nk.]͎Eʚ6]QA`w2$}٣$6uά%[/\n1vOvouMZ9o;Zۖ4]AJrTbʛn1v	ѭ-TZOpHtRNr^:,\Z3C.\n<آ]N\Z4l)R+QB\0r|뢜~\"Q\\PQE\0W%_x0,V!~wgk8Է7GԜv(\ZC\0)!~UAR?9G^XZ\0.}\nvFcwc(9 V0Rs}m\"$aJ|_t?>mψ&/ĸ2|\0CO_Df6Ů>љW`:o<,ՉbP{\0+ODM3H;Wf6n\"c =vcV?/Al\'zF\nMSWZs)4R<Erbb	9\\NC+$V6aqE=΍tohZ66s#K$A8\"X>vŪxg+ǚj~s^xgĪpn]=Pd?,G$/u+翅,inIW	ٹc|3IU4yTiFT o˗Pڶq=);WY\'B\0HF,)21Ic,m|C/ŧ[~\0-VЩ\0Vɑ2\r·2cG-ikua.u56\"rE28𽯅GC]\\H4bXdVrmn60m$h;ϿZEvlQE\0QE\0QE\0QE\0QE\0QE\0KE\0r_h17l&Dq%H`jz/>&W48mZHGpFm\rj֓ywqk\"W=v\\f㡜;ß	Mex_]sSO.0<T|Ԟ\0 \0)iJNNAYQRPQE','data:image/jpeg;base64'),(10,380,'250','DESCRIPCIÓN: DE 1 A 3 AÑOS. EL SET INCLUYE 5 TAMBORES, PALILLOS Y EL PLATILLO TAL CUAL LAS FOTOS. SONIDOS REALISTAS Y FÁCIL DE MONTAR. MEDIDAS: 40X20X46 CM','Batería Musical Infantil Juguete Niño 9 Piezas Palillos','Bateria','Infantil',850,3,'\0JFIF\0\0\0\0\0\0\0C\0	\n\n			\n\n		\r\r\n\0C	\0\0\0\"\0\0\0\0\0\0\0\0\0\0\0\0	\n\0\0\0\0}\0!1AQa\"q2#BR$3br	\n\Z%&\'()*456789:CDEFGHIJSTUVWXYZcdefghijstuvwxyz\0\0\0\0\0\0\0\0	\n\0\0\0w\0!1AQaq\"2B	#3Rbr\n$4%\Z&\'()*56789:CDEFGHIJSTUVWXYZcdefghijstuvwxyz\0\0\0?\0R()P\n7\nm\0E\0;ppWVnfXՎ3BW>F\\|3bJI~dC㏂L:>e\0alXz싙R:g?j-/,oڂ-aU`ǁW\nc-e&	ej-Ĥpp6ƙ{\0HIN\r\\9}k\Z+qۅ6@;pp@()PEPEPEP\\gk>0ӡ\Z@20yR0U8;>5_¯Mk=m fu#=~_\"]/㲆I+>s\Zl\Z8&}JN6ǔ4k3p3 H\'5{:?ѭfs\"}}t5}fq|Z!Ƨn:6Gc{28\r_HWOt,&uNۊÒtpX\'JQYԯ*̝:QXQE\0QE\0QE\0QE\0QE\0QE\0QE\'9,\0҃kS@z}1GutQH(((JҤL;G(ØuVZ\"Mօko\ZkJ[^2@ۈ |<i\0]HPxL	|ۧv݀uQNDJ;oPx7:>%ߴs9$\rI=}\rtO0ĲƊ]s^#ox?sÚvʫpVȆ@Fx9)Iq[Qև[}bU5yK݅-\\5 9ݍ/?<E/8>!V}HQ7%5|-_ES3=W1\0e<xJF\'o.I_$%[20kѣ8V԰w	Q8O25|Pĺ\r?dխ8(D[ڻs=/\"0ڥ}[JX -@\\l|nSӚkr3Tua[{X]HxeXzkg%S/<)\'V-f]X\nꎧaHb+~}!g34Px㙬q)w\0`c\0ITxLe$\"g#5ԃ.SM08 `髒8\0U!󮶼෈oMYվ%\0a9(27ר}Jd&ḏ)V`p>+ËfkOk\"r|#H.X8\r8.w]S|.<gwݸyv\0S:luC3\0$Or1>\rt!kmόP	zyJڄ)W喫Gtb0>\rs$ך}N}L\Zj@)`nLѶpspq>ʵj:%ڦpVaU8Ls\\O|iVq7{g$.\0\0fxIE]GtW|qL-|/?j~:.8b\n*A%eA&YOXĲ]NX\0ܫ@\n985tZExׇ?hCeJºןe6i,ny~!HO\Z$n0<qY.@|cD?m>}KAO!`-cY%w8ge5ǈmwyZ[l>̴bQIR_.L0gT0\'\r;{Ub1U#9qrǟ3V|7ys\r?_KӐ\\C%rͩ9UA<9\ZFoyek.?9>YӬ(NϙFMSǖ^\'aӠ7R>$3sg\ry/ڄ#vHi1b6)9?/Kxh5X>D]88y^lԼs}v_ۣ̀\n*o?j<+ji龖Ѷv|&_SEʒk]IyÝs^\n5mFd{\\@X!SR6TdWwěBK^G\rբyk\0yZq%d|{k>2y-kF4)o0`PVh!0SNb0OLd|RmՎG9Cgp3f_UVW[?Sl\'|%?N2_ĭ[+~\'?	\0i}s}hY4\0\\;3Ҹ?.mCE𗉮-3ɸ(,YVQ/	/\Zf]f[kyJIn K4c#a|y7ߌ3O\nx*M2UOӬ\Zݚ<wQn8 DpMvήg:}toS͡[BnV⹬ںק\0ej7OZ+:{ϒ\rm,*t٣ðˮ꺮W!͜H$rL\07Dcq5\rO>4ۆ];K\ZE43Y-9I[;\0kܼPCu&).mo\0rb;yA-Z˱Zsik]/>s?15(v[L: }Q9X<lcj1NCd/+661IiIj7·\'=wӭB	#_2v %Nu x^W}]ӵ%ﵝs&JS|Oy~𦟢iu$уq4,rHZ)<N|V|Q<9}JSgU@L*J\n3P,/ɐ*#p̣אx}&P\0\0tbYG\0`Rqwz<ή|Jjִռǉox5?jR*ki!dFʍ\"t7\r.\r{M׷\"ԣ\\ҏ,5AXYY2\0*@Ӵ^KKo2KCx \\A\"du;bMq?kΡgu\']h1Gv\"@RvBg+Ü,k&Ypat\'I75奒?^jsMI<9Z|[zλFVGUXzw?.!uYwY^ژ$q#(\r(_UmT/4ω7>nn\rbOݔ`ȀHrnU5E׾,ivO$Iڛ@E3.\0`}g9bpgП/0rft)+8g]z>$v4^>յ\rE<A1ʎ@f7}\rvOsougk>b{GlDڸ|WxIoKKB!QxE}Bb<3ωQ]|VTpғ}okyX>&)ŝ	t/Z;&[kLpYEd\' \0`.u}-!q$ᢵFm&FuP	!FUʀ>FejMy\r`M?|=K/WN\"Aո1_Oᖣ}Z;^	I(G69b\'\rzuPE~)18zrg|ST:è཈4|<m\"~>\r[#豲BWWhFꌪt3V,EZ.O\0a/\nXi:?o7cMx=|C6x7,;ޮ|:<-nQ׮-.,dy#[e\rqw,B$r^WBhw$~)O/cXtbQiyחpE~f\0\0㚈A1IRqN2\'~ܺi:\\+\rcTpCT`\0\"ی3_0wTJF$$C;y*qn;]\Z\0o.--c\"+-#?\\s]C?}s-l&ʊȻ1H6>C8ʿP#ipO^Ѯ[F<`M{%Fic< 0BX!=bX|=?$2_MmU8G{i3\r+ψ:gStA>$EF=ۃ䝇??cW	\rzWVڃcH3SXK/v]5$g<sHsc0{y{Ov5KY4G	ts^H{RxXP0	:M~ Z6Z͕םi${L$,p\0\0(^xÖ2d HFqǻ\n<**J~D\ngEgż&*o.Fa.y4~n﫲+Et]W:5KQVo-ʱ\n2pJ\nYI։[O}Je&͌(rq\0Wܹ7<JW]\0z5|+{q{O; T\\Vp708[4R324gF%thVK	Z%%u	\'+^(QE\0QE\0QE\0QE]\"O\0k}{9..6Vktli(+P5ҠJOoxİ1vIÐOJH]NOkecrfeAp2vxCw1ӮV17i;Ջ*\r`ĐI*1>~3-2JT}vAurx\Z?\Z\'Z<`.[X2!2\\t$<xG,ﵿ\r&!ٕ;x?3c8⸟h[M5mDYƏvDL_q{I_Ǐ<I?kr]E\")#,]T\rwb^y#|J\'K8_R륿\'c㹵5;=knr5ʁ:\nUA\ZhcՋn1$aUwyOe/_#wi	Z/lj[ّ4sTmHY,\ntҾ\rio\07Ql8\"ID*rH$.0:Э*߼:<6#XDi|zEQE\0QE\0QE\0QE\0QE\0QE\0^P/ e(ǯ5x-h?\rς^^,y\"W8yTt]Ò	Oj[NռsbH%YW76ѡCUI=ƒ{\0A~^Mw$u_]3z?\'iȺ}kysC4gO+o\0:7oIkWs]	Jf9B\\n,υ_>-wR|=ޡ?]ZiBbqmgYF\naPTjmr_??>h\0,d*ҬL<I$q]~uƓϞA_*;1澉m/\0{զlh)LwE(zmN\r%MorZ>+1Q@Q@Q@Q@Q@Q@Tcs6<5z\0M\0~*Rq\Z6)4߱aei%ҝ6c4bh$\01oZ\0z|._OKks~c\rH1228~gŨ>><)+3K1R\'i+)P+?h/{tv}sSω|7:KzQUHk(t`CFEBv$[]YiwڄBw2\"Åe@B\0E \n(\n(\n)`Ph`Q@\rF\06v\0%h\ZߊxvPմwE*	)l\rt`Pe\'+okir\ZܶӮ$!>,CL\0x`QNRrw`6vm\n0(S(N?','data:image/jpeg;base64'),(13,123,'123','123','Trompeta','asdf','123dfk',123,2,'\0JFIF\0\0\0\0\0\0\0\0	( &!1!%)+...383,7(-./\n\n\n\r\Z.% &--.-------/--/----+-------------------------------\0\0\0\0\0\0\0\0\0\0\0\0\0\0\0\0\0\0\0D\0	\0\0\0\0\0!1AQ\"2Raq#SbBr34C\0\Z\0\0\0\0\0\0\0\0\0\0\0\0\08\0\0\0\0\0\0!1AQ\"a2BR#3bq$C\0\0\0?\0\0\0\0\0\0\0\0\0\0\0\0\0\0\0\0\0\0\0\0\0\0\0\0\0\0\0\0\0\0\0\0\0\0\0\0\0\0\0\0\0\0\0\0\0\0\0\0\0\0\0\0\0\0\0\0\0\0\0\0\0\0\0\0\0\0\0\0\0\0\0\0\0\0\0\0\0\0\0\0\0\0\0\0\0\0\0\0\0\0\0\0\0\0\0\0\0\0\0\0\0\0\0\0\0\0\0\0\0\0\0\0\0\0\0\0\0\0\0\0\0\0\0\0\0\0\0\0\0\0\0\0\0\0\0\0\0\0\0\0\0\0\0\0\0\0\0\0\0\0\0\0\0\0\0\0\0\0\0\0\0\0\0\0\0\0\0\0\0\0\0\0\0\0\0\0\0\0\0\0\0\0\0\0\0\0\0\0\0\0\0\0\0\0\0\0\0\0\0\0\0\0\0\0\0\0\0\0\0\0\0\0\0\0\0\0\0\0\0\0\0\0\0\0\0\0\0\0`\\\\\\\\\\\\\\\\\\\\\\\\ѧ*wd|Kny2E+6Ia8ljU!z4Wjz&Fc]A \0\0\0\0\0\0\0\0q\0\0\0\0\0\0\0\0\07F=IJO󽯯uIX&\'+)ãRv^*ZꦾJǾ \0\0\07np\Z+cJI\\&ZSJY2\n*nk+vO輙^9G/ԵxS;.:vi^F<<Rc3mظ6Fr8͌qslr76a*\\ei	*QR>7羿ON$5]FS~͜9sOOWEy_թWr(:UF\\Rއ{hns]i>/\'>o0;$\0e&R橎.G.Mn|hi\\7&/a=9=\0Rp?ki~x{?$2<}>\Z%iO_VS/\nUG(w|]wf&=v8{.M{;lr}\nVyW[ɮ)^^m=Sy;|{\0%l4\'VZP[W&)\\1>{g[rڋ:k*2U}[K^*O?^kDFIۛ{`^g/ML*C_	H3)CxF\ZHWͭ<>xQ\0#9~KF\nKIPJNS?z}o\n5?II\'n꿅[?u9ȤOO5x)#6RgQ1M\0bXQўLgӭ~?:xzO[ǼfKh˖Ŀ{/4c>㿫%.2,|q;gn^~WV-.6r;׎Wk8i1>-U6nֽ+tC8\\h{95CW>n{O\\#&%+ɫFɟ-o\ZR,WjRISZ]Tobi>Mߵ(i*qⷒ$\'ަ֚{^7sh굦g\nTRrftg/*ﳻ|O-Y^iQ\0	11?(\0rzQB}RƤK͚c}Ooh0<\'%񣷝}!3_NwǅǗ䗇po#\'}^{nٺuaL?^mkUGu%דsﵬa:^kk㩶?Ss[94\\d_K;ND_^[,6ɫ\n\"J)hb3p5_3Glv9Q6u3N-$vNj\0ubNmͧmYG\00|֋\'	!+x|\"\'}W#q[:NYk7g~FcW,*QjPN6\'}:(M\"+y`XU%NY6v1~,ɩN/at?1=O+?XCص9W~1\0ٕ~Dժќe9v&fۯ]N81ҬekZy+QbxtҸe_)q긧oˆtV6gx)B,dއvfXɨzl7wdc>Δ0D88o{Dխ-(::[i.U%q&H9\'\rGxYi\rBJXzdo3<Ӽۣ3i߻{Z\n*崜m<?%&*\'YʺUy!h/ݓǗXxdQ??[v+2zUS/?gi2z6}(R$a)(I]t}\nALALF	J(T쭞gu)ۏt] \"v1X,|b\'٩ILUbԍfk13Ui8ezysIU:-wo^bc\'_lԴ/gkF72,UsEbԅ\n*X$2]:Ӕ_	Z\\d>*1hݞ\\s1>o_1Ӧ)F\nN)۵S详ʱ2[gBU=,)5$Nhg:<Tw֞KqGG#ٟ\\OhajvZi^|s=d8ԇM.XSިVpXo㷪a`8}\'oiֈo%\')SP\Z85lʯa)s%guG}>y0o/csa$\nԓRIޕmh1;mخ֟una=Uwz=]&m<Nk9/Gbck|ОQMs^ʜ}~?\r6Q^\Z[ywV}8+7(TJhUkjw<auiow.8UڦFBuVh2E2{ң	eX\'궯aShz_GXcmfk1=<:ԧ*Q78Ji$ѽ49㴱WjG_&O+F8ԄE\rQQRKUg7tg<ъZzc-[Ѕ|άZƞ(FYOA^Dq8ݚ¨V1ٴqiLO\">nT[k+Kv]_$GDf^8gsW{%QNE>uK%i{GX*Zk5h1wQݚ\Zcj^έ;Ww@f?wjm7yӡQ|p-5..I3>ִ&׫kh4Y͎\")坰Vzv+|Q^)ǻ;0k?I\'GI6>7,0Ѿ!]\"]NXtw.z|vXc:Ѩ\ZR<p_Uxd	tdi*xʢRqS_<oYy;\0ʹ0Nt{N-*״%\"ԴÃalM+ZͦFlٻY:U=r;;FDv\ZCDu%WMZy91/wc[FgGx4I_$_h\0Ҍ#h6;t{_l%}.75K\r7#IH8]eۥ+JI$Mu2˥q;Fż\0b_xW,}[M]#w,{By|&Uj҄cY]*(8Һӎ(xV֙ak*pݴ5WN*I^Y-aK[hiuZXYSR\nJJvWE.̭Vp:0:UYNT[	:S*jpb~jsz\Z|-uOW]ݜk/(`N\ni(ЍkW\0<ۧQ^D	ZbףjmB8F78QsHd\'S>v\0Lcs۸JڳZ?m/IgDr_YQҩ޻E/E)(V<ZV+Xl0XjXȤ%J-5<bωۤi~r6:CѤ$K{V636e\0b	\0\0\ZL;\\dpDya_	PRM5ed[&6L^;7:)Fc%{<[NiiuƲ|tWگS\0!_h[\0/Ւ(2dc\0<B3{cBaip[qI);[_aî:O]\\LagMI,XOJRvҗŊrIߎ\\>nd;(է5,.{ɷSwV_&M=Vy&u߯7ߨߞ\Z8c{eW_GǢ7rb]\Z)թN2Nn|}=@46 	Hp0vq\'dٶŐXX\0`\0\n\"i2;jMS՜ZgyB?YX3_PQk/KE.~I_q(Uu%ZSv^Ȣ4]#1iKj-iXv\nrr\"VƟAL62gi]`\0\0\0,EXXR|L9?gNN7v\Z*\0\0\0\0\0\0\0\0\0\0\0\0\0\0\0\0\0\0\0\0\0\0\0\0\0\0\0\0\0\0\0\0\0\0\0\0\0\0\0\0\0\0\0\0\0\0\0\0\0\0\0\0\0\0\0\0\0\0\0\0\0\0\0\0\0\0\0\0\0\0\0\0\0\0\0\0\0\0\0\0\0\0\0\0\0\0\0\0\0\0\0\0\0\0\0\0\0\0\0\0\0\0\0\0\0\0\0\0\0\0\0\0\0\0\0\0\0\0\0\0\0\0\0\0\0\0\0\0\0\0\0\0\0\0\0\0\0\0\0\0\0\0\0\0\0\0\0\0\0\0\0\0\0\0\0\0\0\0\0\0\0\0\0\0\0\0\0\0\0\0\0\0\0\0\0\0\0\0\0\0\0\0\0\0\0\0\0\0\0\0\0\0\0\0\0\0\0\0\0\0\0\0\0\0\0\0\0\0\0\0\0\0\0\0\0\0\0\0\0\0\0\0\0\0\0\0\0\0\0\0\0\0\0\0\0\0\0\0\0\0\0\0\0\0\0\0\0\0\0\0\0\0','data:image/jpeg;base64');

/*Table structure for table `pedido` */

DROP TABLE IF EXISTS `pedido`;

CREATE TABLE `pedido` (
  `id` bigint(20) NOT NULL AUTO_INCREMENT,
  `fecha_pedido` date DEFAULT NULL,
  `total_pedido` double NOT NULL,
  PRIMARY KEY (`id`)
) ENGINE=InnoDB AUTO_INCREMENT=89 DEFAULT CHARSET=utf8 COLLATE=utf8_spanish_ci;

/*Data for the table `pedido` */

insert  into `pedido`(`id`,`fecha_pedido`,`total_pedido`) values (16,'2024-04-21',2510),(18,'2024-04-21',585),(33,'2024-05-21',2250),(34,'2024-05-21',260),(35,'2024-03-21',325),(36,'2024-03-21',260),(37,'2024-05-21',260),(38,'2024-05-21',325),(39,'2024-05-21',22800),(40,'2024-05-21',2775),(41,'2024-05-21',3035),(42,'2024-05-21',585),(43,'2024-05-21',325),(44,'2024-05-21',260),(45,'2024-05-21',2450),(46,'2024-05-21',325),(47,'2024-05-21',5085),(48,'2024-05-21',260),(49,'2024-05-21',260),(50,'2024-05-21',260),(51,'2024-05-21',260),(52,'2024-05-22',2250),(53,'2024-05-22',2250),(54,'2024-05-22',585),(55,'2024-05-22',3035),(56,'2024-05-22',2250),(57,'2024-05-22',2250),(58,'2024-05-23',2250),(59,'2024-05-23',2250),(60,'2024-05-23',17500),(61,'2024-05-30',2450),(62,'2024-05-31',325),(63,'2024-05-31',520),(64,'2024-06-02',260),(65,'2024-06-02',650),(66,'2024-06-02',260),(67,'2024-06-02',260),(68,'2024-06-02',260),(69,'2024-06-02',260),(70,'2024-06-02',260),(71,'2024-06-02',260),(72,'2024-06-02',260),(73,'2024-06-02',585),(74,'2024-06-02',585),(75,'2024-06-02',585),(76,'2024-06-02',585),(77,'2024-06-02',585),(78,'2024-06-02',585),(79,'2024-06-02',2775),(80,'2024-06-02',260),(81,'2024-06-02',3360),(82,'2024-06-02',260),(83,'2024-06-03',260),(84,'2024-06-03',325),(85,'2024-06-03',260),(86,'2024-06-03',1820),(87,'2024-06-04',325),(88,'2024-06-04',585);

/*Table structure for table `pedido_detalle` */

DROP TABLE IF EXISTS `pedido_detalle`;

CREATE TABLE `pedido_detalle` (
  `id` bigint(20) NOT NULL AUTO_INCREMENT,
  `cantidad` int(11) NOT NULL,
  `id_instrumento` bigint(20) DEFAULT NULL,
  `id_pedido` bigint(20) DEFAULT NULL,
  PRIMARY KEY (`id`),
  KEY `FK3jcko1p2wy63289i83wptb4f7` (`id_instrumento`),
  KEY `FKaxtxfsueb7pagpev7p4r4mbin` (`id_pedido`),
  CONSTRAINT `FK3jcko1p2wy63289i83wptb4f7` FOREIGN KEY (`id_instrumento`) REFERENCES `instrumento` (`id`),
  CONSTRAINT `FKaxtxfsueb7pagpev7p4r4mbin` FOREIGN KEY (`id_pedido`) REFERENCES `pedido` (`id`)
) ENGINE=InnoDB AUTO_INCREMENT=130 DEFAULT CHARSET=utf8 COLLATE=utf8_spanish_ci;

/*Data for the table `pedido_detalle` */

insert  into `pedido_detalle`(`id`,`cantidad`,`id_instrumento`,`id_pedido`) values (23,3,4,16),(24,1,3,16),(26,1,3,18),(27,1,2,18),(50,1,4,33),(51,1,3,34),(52,1,2,35),(53,1,3,36),(54,1,3,37),(55,1,2,38),(56,1,4,39),(57,1,5,39),(58,1,6,39),(59,1,9,39),(60,1,2,40),(61,1,1,40),(62,1,3,41),(63,1,2,41),(64,1,1,41),(65,1,2,42),(66,1,3,42),(67,1,2,43),(68,1,3,44),(69,1,1,45),(70,1,2,46),(71,1,4,47),(72,1,3,47),(73,1,2,47),(74,1,8,47),(75,1,3,48),(76,1,3,49),(77,1,3,50),(78,1,3,51),(79,1,4,52),(80,1,4,53),(81,1,2,54),(82,1,3,54),(83,1,3,55),(84,1,2,55),(85,1,1,55),(86,1,4,56),(87,1,4,57),(88,1,4,58),(89,1,4,59),(90,1,6,60),(91,1,7,60),(92,1,1,61),(93,1,2,62),(94,2,3,63),(95,1,3,64),(96,2,2,65),(97,1,3,66),(98,1,3,67),(99,1,3,68),(100,1,3,69),(101,1,3,70),(102,1,3,71),(103,1,3,72),(104,1,3,73),(105,1,2,73),(106,1,3,74),(107,1,2,74),(108,1,3,75),(109,1,2,75),(110,1,3,76),(111,1,2,76),(112,1,3,77),(113,1,2,77),(114,1,3,78),(115,1,2,78),(116,1,2,79),(117,1,1,79),(118,1,3,80),(119,1,3,81),(120,2,2,81),(121,1,1,81),(122,1,3,82),(123,1,3,83),(124,1,2,84),(125,1,3,85),(126,7,3,86),(127,1,2,87),(128,1,2,88),(129,1,3,88);

/*Table structure for table `rol` */

DROP TABLE IF EXISTS `rol`;

CREATE TABLE `rol` (
  `id` bigint(20) NOT NULL AUTO_INCREMENT,
  `rol_name` enum('ADMIN','OPERADOR','VISOR') DEFAULT NULL,
  PRIMARY KEY (`id`)
) ENGINE=InnoDB AUTO_INCREMENT=4 DEFAULT CHARSET=utf8 COLLATE=utf8_spanish_ci;

/*Data for the table `rol` */

insert  into `rol`(`id`,`rol_name`) values (1,'ADMIN'),(2,'OPERADOR'),(3,'VISOR');

/*Table structure for table `usuario` */

DROP TABLE IF EXISTS `usuario`;

CREATE TABLE `usuario` (
  `id` bigint(20) NOT NULL AUTO_INCREMENT,
  `nombre_usuario` varchar(255) DEFAULT NULL,
  `password` varchar(255) DEFAULT NULL,
  `id_rol` bigint(20) DEFAULT NULL,
  PRIMARY KEY (`id`),
  KEY `FKmyv3138vvci6kaq3y5kt4cntu` (`id_rol`),
  CONSTRAINT `FKmyv3138vvci6kaq3y5kt4cntu` FOREIGN KEY (`id_rol`) REFERENCES `rol` (`id`)
) ENGINE=InnoDB AUTO_INCREMENT=17 DEFAULT CHARSET=utf8 COLLATE=utf8_spanish_ci;

/*Data for the table `usuario` */

insert  into `usuario`(`id`,`nombre_usuario`,`password`,`id_rol`) values (1,'admin','$2a$10$0JY.CUof/r7bB1tDA8WgFOZOnAWFU4ZPsNhvMZn8/jFwcgKd0LxLW',1),(2,'operador','$2a$10$UURILDOoJDUJJxCYpxZgd.jK..zEuijvwfjE1WJPyawFOd65JabNe',2),(14,'visor','$2a$10$OcVhF0L3oBdPz8Gsf/32VOHb9EgW5Up3eYgZmocbRj4UMSDqeYY6i',3),(16,'Vanina','$2a$10$clQGdGsBRFg4r6N2H73DWegU6aOjwgO0Ab39juD3i9QyXkFK2W3C.',1);

/*!40101 SET SQL_MODE=@OLD_SQL_MODE */;
/*!40014 SET FOREIGN_KEY_CHECKS=@OLD_FOREIGN_KEY_CHECKS */;
/*!40014 SET UNIQUE_CHECKS=@OLD_UNIQUE_CHECKS */;
/*!40111 SET SQL_NOTES=@OLD_SQL_NOTES */;
